ID,Title,Year,Age,Rotten Tomatoes,Netflix,Hulu,Prime Video,Disney+,Type,Genre,Price
1,The Irishman,2019,18+,98,1,0,0,0,0,2,19
2,Dangal,2016,7+,97,1,0,0,0,0,1,19
3,David Attenborough: A Life on Our Planet,2020,7+,95,1,0,0,0,0,4,19
4,Lagaan: Once Upon a Time in India,2001,7+,94,1,0,0,0,0,4,19
5,Roma,2018,18+,94,1,0,0,0,0,1,19
6,To All the Boys I've Loved Before,2018,13+,94,1,0,0,0,0,3,19
7,The Social Dilemma,2020,13+,93,1,0,0,0,0,2,19
8,Okja,2017,13+,92,1,0,0,0,0,1,19
9,The Ballad of Buster Scruggs,2018,16+,92,1,0,0,0,0,2,19
10,The Trial of the Chicago 7,2020,18+,92,1,0,0,0,0,4,19
11,Article 15,2019,18+,92,1,0,0,0,0,2,19
12,"Jim & Andy: The Great Beyond- Featuring a Very Special, Contractually Obligated Mention of Tony Clifton",2017,18+,92,1,0,0,0,0,2,19
13,Dolemite Is My Name,2019,18+,92,1,0,0,0,0,3,19
14,Mudbound,2017,18+,91,1,0,0,0,0,4,19
15,Swades,2004,all,91,1,0,0,0,0,3,19
16,Fyre,2019,18+,91,1,0,0,0,0,1,19
17,Miss Americana,2020,18+,90,1,0,0,0,0,3,19
18,Virunga,2014,16+,90,1,0,0,0,0,4,19
19,Black Friday,2004,18+,90,1,0,0,0,0,2,19
20,Talvar,2015,7+,90,1,0,0,0,0,2,19
21,The King,2019,18+,90,1,0,0,0,0,3,19
22,John Mulaney: Kid Gorgeous at Radio City,2018,18+,89,1,0,0,0,0,2,19
23,I Am Mother,2019,13+,89,1,0,0,0,0,1,19
24,Tell Me Who I Am,2019,18+,89,1,0,0,0,0,1,19
25,The Departed,2006,18+,89,1,0,0,0,0,2,19
26,Winter on Fire: Ukraine's Fight for Freedom,2015,16+,89,1,0,0,0,0,1,19
27,Terminator 2: Judgment Day,1991,18+,89,1,0,0,0,0,3,19
28,I Lost My Body,2019,18+,89,1,0,0,0,0,4,19
29,Django Unchained,2012,18+,89,1,0,0,0,0,1,19
30,The Half of It,2020,13+,89,1,0,0,0,0,1,19
31,The Boy Who Harnessed the Wind,2019,7+,89,1,0,0,0,0,1,19
32,The Devil All the Time,2020,18+,89,1,0,0,0,0,3,19
33,The Fundamentals of Caring,2016,18+,89,1,0,0,0,0,3,19
34,Pieces of a Woman,2020,18+,88,1,0,0,0,0,4,19
35,Gerald's Game,2017,18+,88,1,0,0,0,0,4,19
36,On Body and Soul,2017,,88,1,0,0,0,0,4,19
37,Shutter Island,2010,18+,88,1,0,0,0,0,2,19
38,Always Be My Maybe,2019,13+,88,1,0,0,0,0,2,19
39,The Intouchables,2011,7+,88,1,0,0,0,0,4,19
40,Bill Burr: Paper Tiger,2019,18+,87,1,0,0,0,0,1,19
41,Special 26,2013,,87,1,0,0,0,0,3,19
42,Kiss the Ground,2020,18+,87,1,0,0,0,0,2,19
43,Crip Camp: A Disability Revolution,2020,18+,87,1,0,0,0,0,3,19
44,Extraction,2020,18+,87,1,0,0,0,0,1,19
45,No Direction Home: Bob Dylan,2005,all,87,1,0,0,0,0,2,19
46,Kabhi Khushi Kabhie Gham,2001,all,87,1,0,0,0,0,2,19
47,His House,2020,16+,87,1,0,0,0,0,1,19
48,Super Deluxe,2019,18+,87,1,0,0,0,0,2,19
49,The Guernsey Literary & Potato Peel Pie Society,2018,16+,87,1,0,0,0,0,4,19
50,A Secret Love,2020,18+,87,1,0,0,0,0,4,19
51,The Night Comes for Us,2018,18+,87,1,0,0,0,0,2,19
52,The Big Lebowski,1998,18+,87,1,0,0,0,0,1,19
53,Pad Man,2018,13+,87,1,0,0,0,0,2,19
54,American Factory,2019,13+,86,1,0,0,0,0,1,19
55,Bird Box,2018,18+,86,1,0,0,0,0,3,19
56,The Pianist,2002,18+,86,1,0,0,0,0,3,19
57,3 Idiots,2009,13+,86,1,0,0,0,0,1,19
58,The Distinguished Citizen,2016,,86,1,0,0,0,0,3,19
59,A Shaun the Sheep Movie: Farmageddon,2019,all,86,1,0,0,0,0,3,19
60,A Clockwork Orange,1971,18+,86,1,0,0,0,0,3,19
61,What Happened to Monday,2017,18+,86,1,0,0,0,0,3,19
62,Anthony Jeselnik: Thoughts and Prayers,2015,18+,86,1,0,0,0,0,2,19
63,The White Helmets,2016,16+,86,1,0,0,0,0,1,19
64,Invader ZIM: Enter the Florpus,2019,7+,86,1,0,0,0,0,2,19
65,Happy as Lazzaro,2018,13+,85,1,0,0,0,0,3,19
66,Chasing Coral,2017,,85,1,0,0,0,0,3,19
67,Kal Ho Naa Ho,2003,all,85,1,0,0,0,0,3,19
68,Pan's Labyrinth,2006,18+,85,1,0,0,0,0,1,19
69,Team Foxcatcher,2016,16+,85,1,0,0,0,0,4,19
70,The Meyerowitz Stories (New and Selected),2017,18+,85,1,0,0,0,0,3,19
71,Casino Royale,2006,13+,85,1,0,0,0,0,1,19
72,The Hateful Eight,2015,18+,85,1,0,0,0,0,1,19
73,Rush,2013,18+,84,1,0,0,0,0,4,19
74,Zombieland,2009,18+,84,1,0,0,0,0,3,19
75,Eurovision Song Contest: The Story of Fire Saga,2020,13+,84,1,0,0,0,0,2,19
76,Kapoor & Sons,2016,13+,84,1,0,0,0,0,3,19
77,The Perfection,2018,18+,84,1,0,0,0,0,3,19
78,Dave Chappelle: Sticks & Stones,2019,18+,84,1,0,0,0,0,2,19
79,There Will Be Blood,2007,18+,84,1,0,0,0,0,4,19
80,Million Dollar Baby,2004,13+,84,1,0,0,0,0,1,19
81,The Social Network,2010,13+,84,1,1,0,0,0,2,19
82,The Christmas Chronicles,2018,7+,84,1,0,0,0,0,3,19
83,Monty Python and the Holy Grail,1975,7+,84,1,0,0,0,0,3,19
84,The Pixar Story,2007,all,84,1,0,0,0,0,1,19
85,Ma Rainey's Black Bottom,2020,18+,84,1,0,0,0,0,3,19
86,Calibre,2018,18+,84,1,0,0,0,0,2,19
87,Silver Linings Playbook,2012,18+,84,1,0,0,0,0,3,19
88,Over the Moon,2020,7+,84,1,0,0,0,0,4,19
89,"What Happened, Miss Simone?",2015,,84,1,0,0,0,0,2,19
90,Nightcrawler,2014,18+,84,1,0,0,0,0,4,19
91,1922,2017,18+,84,1,0,0,0,0,2,19
92,Paddleton,2019,18+,84,1,0,0,0,0,4,19
93,Cargo,2017,,84,1,0,0,0,0,2,19
94,Rain Man,1988,18+,83,1,0,0,0,0,2,19
95,Cuba and the Cameraman,2017,,83,1,0,0,0,0,1,19
96,The Ritual,2017,18+,83,1,0,0,0,0,2,19
97,The Hater,2020,18+,83,1,0,0,0,0,1,19
98,The Edge of Democracy,2019,16+,83,1,0,0,0,0,3,19
99,22-Jul,2018,18+,83,1,0,0,0,0,1,19
100,Adam Sandler: 100% Fresh,2018,18+,83,1,0,0,0,0,4,19
101,Guru,2007,13+,83,1,0,0,0,0,1,19
102,A Twelve-Year Night,2018,18+,83,1,0,0,0,0,3,19
103,Dumplin',2018,13+,83,1,0,0,0,0,1,19
104,The Conjuring,2013,18+,83,1,0,0,0,0,3,19
105,Marriage Story,2019,18+,83,1,0,0,0,0,3,19
106,My Octopus Teacher,2020,all,83,1,0,0,0,0,1,19
107,About Time,2013,13+,83,1,0,0,0,0,2,19
108,Hey Arnold! The Jungle Movie,2017,7+,83,1,1,0,0,0,1,19
109,Kung Fu Panda,2008,7+,83,1,0,0,0,0,1,19
110,Superbad,2007,18+,83,1,0,0,0,0,2,19
111,The Invisible Guest,2016,18+,83,1,0,0,0,0,3,19
112,Chinatown,1974,18+,82,1,0,0,0,0,2,19
113,Mystic River,2003,18+,82,1,0,0,0,0,2,19
114,The Theory of Everything,2014,13+,82,1,0,0,0,0,2,19
115,Springsteen On Broadway,2018,,82,1,0,0,0,0,1,19
116,The Life Ahead,2020,13+,82,1,0,0,0,0,1,19
117,The Terminal,2004,13+,82,1,0,1,0,0,3,19
118,Scott Pilgrim vs. the World,2010,13+,82,1,0,0,0,0,2,19
119,Being Elmo: A Puppeteer's Journey,2011,7+,82,1,0,0,0,0,1,19
120,Life of Brian,1979,18+,82,1,0,0,0,0,2,19
121,The Resistance Banker,2018,18+,82,1,0,0,0,0,3,19
122,How to Train Your Dragon 2,2014,7+,82,1,0,0,0,0,4,19
123,The Endless Trench,2019,,82,1,0,0,0,0,3,19
124,Even the Rain,2010,,82,1,0,0,0,0,4,19
125,Love Actually,2003,18+,82,1,0,0,0,0,1,19
126,Dear Ex,2018,18+,82,1,0,0,0,0,4,19
127,Braven,2018,18+,82,1,0,0,0,0,1,19
128,Period. End of Sentence.,2018,,82,1,0,0,0,0,1,19
129,Captain Fantastic,2016,18+,82,1,0,0,0,0,4,19
130,Veronica,2017,18+,81,1,0,0,0,0,4,19
131,The Siege of Jadotville,2016,,81,1,0,0,0,0,3,19
132,Into the Inferno,2016,,81,1,0,0,0,0,4,19
133,Ricky Gervais: Humanity,2018,18+,81,1,0,0,0,0,3,19
134,A Whisker Away,2020,7+,81,1,0,0,0,0,1,19
135,Lady Bird,2017,18+,81,1,0,0,0,0,4,19
136,Road to Perdition,2002,18+,81,1,0,0,0,0,3,19
137,Boogie Nights,1997,18+,81,1,0,0,0,0,3,19
138,Total Recall,1990,16+,81,1,0,0,0,0,2,19
139,Bo Burnham: Inside,2021,18+,81,1,0,0,0,0,1,19
140,Snowpiercer,2013,18+,81,1,0,0,0,0,3,19
141,Circus of Books,2019,,81,1,0,0,0,0,4,19
142,Tallulah,2016,,81,1,0,0,0,0,3,19
143,The Conjuring 2,2016,18+,81,1,0,0,0,0,4,19
144,They'll Love Me When I'm Dead,2018,18+,81,1,0,0,0,0,3,19
145,Nocturnal Animals,2016,18+,81,1,0,0,0,0,3,19
146,Get Me Roger Stone,2017,16+,81,1,0,0,0,0,4,19
147,Hachi: A Dog's Tale,2009,all,81,1,0,0,0,0,2,19
148,Dances with Wolves,1990,13+,80,1,0,0,0,0,3,19
149,Udta Punjab,2016,18+,80,1,0,0,0,0,3,19
150,Bareilly's Barfi,2017,,80,1,0,0,0,0,4,19
151,Divines,2016,,80,1,0,0,0,0,2,19
152,Maktub,2017,7+,80,1,0,0,0,0,2,19
153,Ittefaq,2017,7+,80,1,0,0,0,0,2,19
154,Hannah Gadsby: Nanette,2018,18+,80,1,0,0,0,0,3,19
155,Ali Wong: Hard Knock Wife,2018,18+,80,1,0,0,0,0,4,19
156,Seven Pounds,2008,13+,80,1,0,1,0,0,4,19
157,Uncut Gems,2019,18+,80,1,0,0,0,0,4,19
158,The Kindergarten Teacher,2018,18+,80,1,0,0,0,0,3,19
159,Les Mis�rables,2012,13+,80,1,0,1,0,0,2,19
160,The Sky Is Pink,2019,,80,1,0,0,0,0,4,19
161,Next Gen,2018,7+,80,1,0,0,0,0,1,19
162,Tom Segura: Disgraceful,2018,13+,80,1,0,0,0,0,3,19
163,My Happy Family,2017,,80,1,0,0,0,0,3,19
164,The American Meme,2018,,80,1,0,0,0,0,1,19
165,Badla,2019,7+,80,1,0,0,0,0,3,19
166,Okko's Inn,2018,7+,80,1,0,0,0,0,4,19
167,The Willoughbys,2020,7+,80,1,0,0,0,0,2,19
168,Hunt for the Wilderpeople,2016,13+,80,1,1,0,0,0,1,19
169,Stardust,2007,13+,79,1,0,0,0,0,3,19
170,Wheelman,2017,18+,79,1,0,0,0,0,2,19
171,The Artist,2011,13+,79,1,1,0,0,0,2,19
172,On My Skin,2018,18+,79,1,0,0,0,0,1,19
173,Gaga: Five Foot Two,2017,18+,79,1,0,0,0,0,4,19
174,Hugo,2011,7+,79,1,0,0,0,0,3,19
175,The Impossible,2012,13+,79,1,0,0,0,0,1,19
176,War Dogs,2016,18+,79,1,0,0,0,0,3,19
177,Ip Man,2008,18+,79,1,0,0,0,0,4,19
178,The Speed Cubers,2020,,79,1,0,0,0,0,4,19
179,Kung Fu Panda 2,2011,7+,79,1,0,0,0,0,3,19
180,The Dirt,2019,18+,79,1,0,0,0,0,2,19
181,Andhadhun,2018,,79,1,0,0,0,0,4,19
182,Atlantics,2019,13+,79,1,0,0,0,0,1,19
183,37 Seconds,2019,,79,1,0,0,0,0,1,19
184,El Camino: A Breaking Bad Movie,2019,18+,79,1,0,0,0,0,3,19
185,Underworld,2003,18+,79,1,1,1,0,0,2,19
186,The Ring,2002,13+,79,1,0,1,0,0,1,19
187,Hold the Dark,2018,,79,1,0,0,0,0,2,19
188,The Karate Kid,1984,7+,79,1,0,0,0,0,1,19
189,Quincy,2018,18+,79,1,0,0,0,0,2,19
190,The Patriot,2000,18+,79,1,0,0,0,0,1,19
191,Get In,2019,18+,79,1,0,0,0,0,2,19
192,ZZ Top: That Little Ol' Band From Texas,2019,,79,1,0,0,0,0,1,19
193,Jerry Before Seinfeld,2017,16+,79,1,0,0,0,0,2,19
194,Mike Birbiglia: The New One,2019,,78,1,0,0,0,0,2,19
195,A Silent Voice: The Movie,2016,13+,78,1,0,0,0,0,4,19
196,Klaus,2019,7+,78,1,0,0,0,0,2,19
197,Snowden,2016,18+,78,1,0,0,0,0,1,19
198,"Nick Kroll & John Mulaney: Oh, Hello on Broadway",2017,18+,78,1,0,0,0,0,1,19
199,What's Eating Gilbert Grape,1993,13+,78,1,0,0,0,0,4,19
200,The Da Vinci Code,2006,13+,78,1,1,0,0,0,4,19
201,Stranger Than Fiction,2006,13+,78,1,0,0,0,0,3,19
202,Don 2,2011,,78,1,0,0,0,0,1,19
203,Elena,2013,,78,1,0,0,0,0,4,19
204,Real Steel,2011,13+,78,1,0,0,0,0,3,19
205,The Founder,2017,13+,78,1,0,0,0,0,1,19
206,Stargate,1994,13+,78,1,0,0,0,0,4,19
207,Shirkers,2018,,78,1,0,0,0,0,3,19
208,Chef,2014,18+,78,1,0,0,0,0,2,19
209,Fire in the Blood,2013,,78,1,0,0,0,0,1,19
210,Austin Powers: International Man of Mystery,1997,13+,78,1,0,0,0,0,4,19
211,Miles Davis: Birth of the Cool,2019,,78,1,0,0,0,0,1,19
212,Insidious,2010,13+,78,1,0,0,0,0,4,19
213,Screwball,2019,,78,1,0,0,0,0,2,19
214,The Old Guard,2020,18+,78,1,0,0,0,0,4,19
215,Rango,2011,7+,78,1,0,0,0,0,3,19
216,Before I Wake,2016,13+,78,1,0,0,0,0,1,19
217,The Disaster Artist,2017,18+,78,1,0,0,0,0,1,19
218,Fruitvale Station,2013,18+,77,1,0,0,0,0,3,19
219,The Florida Project,2017,18+,77,1,0,0,0,0,4,19
220,Behind the Curve,2018,16+,77,1,0,0,0,0,2,19
221,Lawless,2012,18+,77,1,0,0,0,0,4,19
222,Errementari: The Blacksmith and the Devil,2018,18+,77,1,0,0,0,0,1,19
223,Audrie & Daisy,2016,,77,1,0,0,0,0,3,19
224,Quantum of Solace,2008,13+,77,1,0,0,0,0,1,19
225,The Master,2012,18+,77,1,0,0,0,0,1,19
226,Layer Cake,2004,18+,77,1,0,0,0,0,4,19
227,Flipped,2010,7+,77,1,0,0,0,0,1,19
228,Steve Martin and Martin Short: An Evening You Will Forget for the Rest of Your Life,2018,16+,77,1,0,0,0,0,1,19
229,Friends with Benefits,2011,18+,77,1,1,0,0,0,4,19
230,Tig,2015,,77,1,0,0,0,0,2,19
231,Roll Red Roll,2019,,77,1,0,0,0,0,4,19
232,Enola Holmes,2020,13+,77,1,0,0,0,0,3,19
233,PK,2015,13+,77,1,0,0,0,0,1,19
234,Good Time,2017,18+,77,1,0,0,0,0,3,19
235,The Next Three Days,2010,13+,77,1,0,0,0,0,3,19
236,Miracle in Cell No. 7,2019,16+,77,1,0,0,0,0,1,19
237,Like Stars on Earth,2007,7+,77,1,0,0,0,0,1,19
238,Trixie Mattel: Moving Parts,2019,,77,1,0,0,0,0,3,19
239,Talaash,2012,,77,1,0,0,0,0,3,19
240,Evelyn,2019,,77,1,0,0,0,0,1,19
241,I Am Sam,2001,13+,77,1,0,0,0,0,2,19
242,In the Shadow of the Moon,2019,18+,77,1,0,0,0,0,2,19
243,Neon Genesis Evangelion: The End of Evangelion,1997,18+,77,1,0,0,0,0,2,19
244,Memoirs of a Geisha,2005,13+,76,1,0,0,0,0,2,19
245,Mad Max,1979,18+,76,1,0,0,0,0,2,19
246,John Leguizamo's Latin History for Morons,2018,7+,76,1,0,0,0,0,2,19
247,And Breathe Normally,2018,16+,76,1,0,0,0,0,4,19
248,The Killing of a Sacred Deer,2017,18+,76,1,0,0,0,0,1,19
249,Angels & Demons,2009,13+,76,1,1,0,0,0,4,19
250,Smoke & Mirrors,2016,,76,1,0,0,0,0,2,19
251,The Dark Knight,2008,13+,94,0,1,0,0,0,1,19
252,Minding the Gap,2018,18+,90,0,1,0,0,0,2,19
253,Parasite,2019,18+,88,0,1,0,0,0,1,19
254,Batman Begins,2005,13+,88,0,1,0,0,0,1,19
255,Gone Girl,2014,18+,87,0,1,0,0,0,4,19
256,Catch Me If You Can,2002,13+,87,0,1,0,0,0,2,19
257,The Terminator,1984,18+,87,0,1,0,0,0,4,19
258,Arrival,2016,13+,86,0,1,0,0,0,4,19
259,Prisoners,2013,16+,86,0,1,0,0,0,2,19
260,Bohemian Rhapsody,2018,13+,85,0,1,0,0,0,2,19
261,Shrek,2001,7+,85,0,1,0,0,0,3,19
262,12 Years a Slave,2013,18+,85,0,1,0,0,0,2,19
263,Slumdog Millionaire,2008,18+,85,0,1,0,0,0,4,19
264,Skyfall,2012,13+,84,0,1,0,0,0,2,19
265,Stand by Me,1986,18+,84,0,1,0,0,0,4,19
266,The Girl with the Dragon Tattoo,2011,18+,84,0,1,1,0,0,1,19
267,Big Fish,2003,13+,84,0,1,1,0,0,1,19
268,Happiest Season,2020,13+,83,0,1,0,0,0,2,19
269,Kick-Ass,2010,18+,83,0,1,0,0,0,3,19
270,(500) Days of Summer,2009,13+,83,0,1,0,0,0,4,19
271,28 Days Later,2002,18+,83,0,1,0,0,0,3,19
273,Once Upon a Time in the West,1968,13+,83,0,1,0,0,0,3,19
274,Predator,1987,18+,83,0,1,0,0,0,4,19
275,Big Time Adolescence,2020,18+,83,0,1,0,0,0,1,19
276,Ice Age,2002,7+,82,0,1,0,0,0,3,19
277,The Shape of Water,2017,18+,82,0,1,0,0,0,4,19
278,The Iron Giant,1999,7+,82,0,1,0,0,0,2,19
279,50/50,2011,18+,82,0,1,1,0,0,2,19
280,Memories of Murder,2003,all,81,0,1,0,0,0,1,19
281,Beetlejuice,1988,7+,81,0,1,0,0,0,4,19
282,Train to Busan,2016,16+,81,0,1,0,0,0,3,19
283,Lucky Number Slevin,2006,18+,81,0,1,0,0,0,2,19
284,127 Hours,2010,18+,81,0,1,0,0,0,4,19
285,Mission: Impossible - Ghost Protocol,2011,13+,81,0,1,0,0,0,1,19
286,Akira,1988,18+,81,0,1,0,0,0,4,19
287,Shrek 2,2004,7+,81,0,1,0,0,0,3,19
288,Let the Right One In,2008,18+,81,0,1,0,0,0,4,19
289,Hell or High Water,2016,18+,81,0,1,0,0,0,4,19
290,The Nice Guys,2016,18+,81,0,1,0,0,0,4,19
291,RoboCop,1987,18+,80,0,1,0,0,0,1,19
292,Star Trek Beyond,2016,13+,80,0,1,0,0,0,1,19
293,Jack Reacher,2012,13+,80,0,1,0,0,0,4,19
294,Another Round,2020,18+,80,0,1,0,0,0,2,19
295,Portrait of a Lady on Fire,2019,18+,80,0,1,0,0,0,4,19
296,The Secret Life of Walter Mitty,2013,7+,80,0,1,1,0,0,2,19
297,Dumb and Dumber,1994,13+,80,0,1,0,0,0,3,19
298,Palm Springs,2020,18+,79,0,1,0,0,0,2,19
299,Flight,2012,18+,79,0,1,0,0,0,3,19
300,I Saw the Devil,2010,18+,79,0,1,0,0,0,2,19
301,The Mask,1994,13+,79,0,1,0,0,0,4,19
302,Collective,2020,,79,0,1,0,0,0,4,19
303,Rocketman,2019,18+,79,0,1,0,0,0,2,19
304,Sweeney Todd: The Demon Barber of Fleet Street,2007,18+,79,0,1,0,0,0,2,19
305,Coherence,2013,7+,79,0,1,1,0,0,3,19
306,Nomadland,2021,18+,79,0,1,0,0,0,4,19
307,Enemy at the Gates,2001,18+,79,0,1,0,0,0,3,19
308,Space Jam,1996,7+,79,0,1,0,0,0,1,19
309,Sunshine,2007,18+,79,0,1,0,0,0,2,19
310,Becoming Bond,2017,18+,78,0,1,0,0,0,2,19
311,Galaxy Quest,1999,7+,78,0,1,0,0,0,3,19
312,Dredd,2012,18+,78,0,1,0,0,0,1,19
313,28 Weeks Later,2007,18+,78,0,1,0,0,0,3,19
314,Booksmart,2019,18+,78,0,1,0,0,0,4,19
315,We Need to Talk About Kevin,2011,18+,78,0,1,1,0,0,4,19
316,Ghostbusters,2016,13+,78,0,1,0,0,0,4,19
317,The Peanut Butter Falcon,2019,13+,78,0,1,0,0,0,1,19
318,Silence,2016,18+,77,0,1,0,0,0,1,19
319,Take Shelter,2011,18+,77,0,1,1,0,0,2,19
320,Cashback,2006,18+,77,0,1,0,0,0,2,19
321,The Age of Adaline,2015,13+,77,0,1,0,0,0,3,19
322,Crime + Punishment,2018,,77,0,1,0,0,0,4,19
323,The Judge,2014,18+,77,0,1,1,0,0,2,19
324,Logan Lucky,2017,13+,77,0,1,0,0,0,4,19
325,Star Trek II: The Wrath of Khan,1982,7+,77,0,1,0,0,0,1,19
326,The Adventures of Tintin,2011,7+,77,0,1,0,0,0,1,19
327,Star Trek: First Contact,1996,13+,77,0,1,0,0,0,2,19
328,Hancock,2008,13+,77,0,1,0,0,0,1,19
329,Revolutionary Road,2008,18+,77,0,1,1,0,0,2,19
330,Fighting With My Family,2019,13+,77,0,1,0,0,0,1,19
331,The Conversation,1974,7+,77,0,1,0,0,0,1,19
332,The Host,2006,18+,76,0,1,0,0,0,1,19
333,Caddyshack,1980,18+,76,0,1,0,0,0,2,19
334,Melancholia,2011,18+,76,0,1,0,0,0,2,19
335,Vice,2018,18+,76,0,1,0,0,0,2,19
336,Hostiles,2017,18+,76,0,1,0,0,0,4,19
337,Shoplifters,2018,18+,76,0,1,0,0,0,4,19
338,Leave No Trace,2018,7+,76,0,1,1,0,0,2,19
339,The Man from Nowhere,2010,18+,76,0,1,0,0,0,1,19
340,Underworld: Evolution,2006,18+,76,0,1,1,0,0,2,19
341,The Virgin Suicides,1999,18+,76,0,1,0,0,0,3,19
342,Terminator: Dark Fate,2019,18+,76,0,1,0,0,0,1,19
343,Harold & Kumar Go to White Castle,2004,18+,76,0,1,0,0,0,3,19
344,Across the Universe,2007,13+,76,0,1,1,0,0,4,19
345,Romeo + Juliet,1996,13+,76,0,1,0,0,0,2,19
346,Bombshell,2019,18+,76,0,1,0,0,0,4,19
347,The Act of Killing,2012,,76,0,1,0,0,0,2,19
348,Hotel Mumbai,2019,18+,75,0,1,0,0,0,1,19
349,The Grapes of Wrath,1940,all,75,0,1,0,0,0,4,19
350,The Way Back,2010,13+,75,0,1,1,0,0,4,19
351,Heathers,1989,18+,75,0,1,1,0,0,2,19
352,The Polar Express,2004,all,75,0,1,0,0,0,2,19
353,The A-Team,2010,13+,75,0,1,0,0,0,3,19
354,Boss Level,2021,18+,75,0,1,0,0,0,2,19
355,We Were Soldiers,2002,18+,75,0,1,0,0,0,1,19
356,The Expendables,2010,18+,75,0,1,0,0,0,4,19
357,The Wailing,2016,18+,75,0,1,1,0,0,4,19
358,Super Troopers,2001,18+,75,0,1,0,0,0,1,19
359,Eye in the Sky,2015,18+,75,0,1,0,0,0,4,19
360,The Upside,2019,13+,75,0,1,0,0,0,2,19
361,Burning,2018,,75,0,1,1,0,0,1,19
362,The Blair Witch Project,1999,18+,75,0,1,0,0,0,3,19
363,Papillon,2017,18+,75,0,1,1,0,0,1,19
364,Star Trek IV: The Voyage Home,1986,7+,74,0,1,0,0,0,2,19
365,Run,2020,13+,74,0,1,0,0,0,1,19
366,This Means War,2012,13+,74,0,1,1,0,0,3,19
367,Dumb: The Story of Big Brother Magazine,2017,18+,74,0,1,0,0,0,1,19
368,Sympathy for Lady Vengeance,2005,18+,74,0,1,0,0,0,2,19
369,Fyre Fraud,2019,,74,0,1,0,0,0,3,19
370,The Mole Agent,2020,,74,0,1,0,0,0,3,19
371,Knowing,2009,13+,74,0,1,0,0,0,2,19
372,Open Range,2003,18+,74,0,1,0,0,0,4,19
373,Hansel & Gretel: Witch Hunters,2013,18+,74,0,1,0,0,0,1,19
374,Machete,2010,18+,74,0,1,0,0,0,2,19
375,Lights Out,2016,13+,74,0,1,0,0,0,2,19
376,Predators,2010,18+,74,0,1,0,0,0,2,19
377,Resident Evil: Apocalypse,2004,18+,74,0,1,1,0,0,4,19
378,13 Assassins,2010,18+,74,0,1,0,0,0,2,19
379,The Crazies,2010,18+,73,0,1,1,0,0,3,19
380,The Croods 2,2020,7+,73,0,1,0,0,0,1,19
381,The Chaser,2008,13+,73,0,1,0,0,0,3,19
382,Scrooged,1988,13+,73,0,1,0,0,0,3,19
383,The Dictator,2012,18+,73,0,1,0,0,0,4,19
384,Sorry to Bother You,2018,18+,73,0,1,0,0,0,1,19
385,Star Trek VI: The Undiscovered Country,1991,7+,73,0,1,0,0,0,1,19
386,Sympathy for Mr. Vengeance,2002,18+,73,0,1,0,0,0,4,19
387,The House That Jack Built,2018,18+,73,0,1,0,0,0,1,19
388,The Natural,1984,7+,73,0,1,0,0,0,2,19
389,The Guilty,2018,18+,73,0,1,0,0,0,1,19
390,Broken Flowers,2005,18+,73,0,1,0,0,0,3,19
391,Alive,1993,18+,73,0,1,0,0,0,3,19
392,Barb & Star Go to Vista Del Mar,2021,13+,73,0,1,0,0,0,4,19
393,Storks,2016,7+,73,0,1,0,0,0,3,19
394,Robot & Frank,2012,13+,73,0,1,1,0,0,2,19
395,God's Own Country,2017,,73,0,1,0,0,0,2,19
396,Billy Madison,1995,13+,73,0,1,0,0,0,1,19
397,Gemini Man,2019,13+,73,0,1,0,0,0,4,19
398,Predator 2,1990,18+,73,0,1,0,0,0,4,19
399,Abominable,2019,7+,73,0,1,0,0,0,3,19
400,Chaplin,1992,13+,73,0,1,0,0,0,1,19
401,Seabiscuit,2003,13+,72,0,1,0,0,0,2,19
402,Something's Gotta Give,2003,13+,72,0,1,0,0,0,3,19
403,Crawl,2019,18+,72,0,1,0,0,0,1,19
404,American Animals,2018,18+,72,0,1,1,0,0,4,19
405,The Dead Zone,1983,18+,72,0,1,0,0,0,1,19
406,Bill & Ted Face the Music,2020,7+,72,0,1,0,0,0,2,19
407,The Sisters Brothers,2018,18+,72,0,1,0,0,0,2,19
408,Waiting...,2005,18+,72,0,1,0,0,0,4,19
409,The One I Love,2014,18+,72,0,1,0,0,0,3,19
410,You're Next,2011,18+,72,0,1,0,0,0,4,19
411,Date Night,2010,13+,72,0,1,0,0,0,2,19
412,Red Cliff,2008,18+,72,0,1,0,0,0,1,19
413,The Skeleton Key,2005,13+,72,0,1,0,0,0,4,19
414,The Mountain Between Us,2017,13+,72,0,1,0,0,0,4,19
415,"Summer of Soul (...or, When the Revolution Could Not Be Televised)",2021,13+,72,0,1,0,0,0,3,19
416,March of the Penguins 2,2017,7+,72,0,1,0,0,0,3,19
417,Breach,2007,13+,72,0,1,1,0,0,3,19
418,Footloose,1984,7+,72,0,1,0,0,0,1,19
419,Bound,1996,18+,72,0,1,0,0,0,3,19
420,A Most Wanted Man,2014,18+,72,0,1,0,0,0,1,19
421,Graduation,2016,18+,72,0,1,0,0,0,4,19
422,Whip It,2009,13+,72,0,1,0,0,0,3,19
423,National Lampoon's Van Wilder,2002,18+,72,0,1,0,0,0,4,19
424,The Expendables 3,2014,13+,71,0,1,0,0,0,3,19
425,Goodnight Mommy,2014,18+,71,0,1,0,0,0,3,19
426,Thelma,2017,,71,0,1,0,0,0,1,19
427,Star Trek: Generations,1994,7+,71,0,1,0,0,0,2,19
428,Love & Mercy,2015,13+,71,0,1,0,0,0,2,19
429,I Love You Phillip Morris,2009,18+,71,0,1,0,0,0,2,19
430,Before We Go,2014,13+,71,0,1,0,0,0,1,19
431,The Big Chill,1983,18+,71,0,1,0,0,0,4,19
432,The Nightingale,2018,18+,71,0,1,0,0,0,4,19
433,"Quo vadis, Aida?",2021,,71,0,1,0,0,0,4,19
434,Harold & Kumar Escape from Guantanamo Bay,2008,18+,71,0,1,0,0,0,1,19
435,'71,2014,18+,71,0,1,0,0,0,4,19
436,If Beale Street Could Talk,2018,18+,71,0,1,0,0,0,4,19
437,Weekend at Bernie's,1989,13+,71,0,1,0,0,0,3,19
438,Saint Maud,2019,18+,71,0,1,0,0,0,3,19
439,Bloody Sunday,2002,18+,71,0,1,0,0,0,1,19
440,Jennifer's Body,2009,18+,71,0,1,0,0,0,1,19
441,Cliffhanger,1993,18+,71,0,1,0,0,0,3,19
442,Judy,2019,13+,71,0,1,0,0,0,4,19
443,DragonHeart,1996,13+,71,0,1,0,0,0,4,19
444,"The Good, the Bad, the Weird",2008,18+,71,0,1,0,0,0,1,19
445,1900,1976,18+,71,0,1,1,0,0,4,19
446,Free Fall,2013,,71,0,1,0,0,0,1,19
447,Hannibal Rising,2007,18+,71,0,1,0,0,0,4,19
448,Colossal,2017,18+,71,0,1,0,0,0,4,19
449,Odd Thomas,2013,13+,70,0,1,1,0,0,3,19
450,Australia,2008,13+,70,0,1,0,0,0,3,19
451,To Die For,1995,18+,70,0,1,0,0,0,2,19
452,Sputnik,2020,18+,70,0,1,0,0,0,3,19
453,Gamer,2009,18+,70,0,1,0,0,0,2,19
454,Johnny English,2003,7+,70,0,1,0,0,0,3,19
455,Bad Teacher,2011,18+,70,0,1,0,0,0,1,19
456,The Iron Lady,2011,13+,70,0,1,0,0,0,3,19
457,From Paris with Love,2010,18+,70,0,1,0,0,0,2,19
458,Arachnophobia,1990,13+,70,0,1,0,0,0,3,19
459,Hud,1963,,70,0,1,1,0,0,2,19
460,The Time Machine,2002,13+,70,0,1,0,0,0,4,19
461,The Last Stand,2013,18+,70,0,1,0,0,0,3,19
462,Boy,2010,,70,0,1,0,0,0,3,19
463,Plan B,2021,18+,70,0,1,0,0,0,1,19
464,Honeyland,2019,,70,0,1,0,0,0,3,19
465,A Perfect Getaway,2009,18+,70,0,1,0,0,0,3,19
466,Blast from the Past,1999,13+,70,0,1,0,0,0,3,19
467,Killer Joe,2011,18+,70,0,1,0,0,0,2,19
468,Coyote Ugly,2000,13+,70,0,1,0,0,0,4,19
469,El Dorado,1966,all,70,0,1,0,0,0,2,19
470,Ingrid Goes West,2017,18+,70,0,1,0,0,0,1,19
471,Wall Street: Money Never Sleeps,2010,13+,70,0,1,0,0,0,4,19
472,Possessor Uncut,2020,18+,70,0,1,0,0,0,4,19
473,Wayne's World 2,1993,13+,69,0,1,0,0,0,2,19
474,47 Meters Down,2017,13+,69,0,1,0,0,0,2,19
475,Florence Foster Jenkins,2016,13+,69,0,1,0,0,0,4,19
476,The Forbidden Kingdom,2008,13+,69,0,1,0,0,0,1,19
477,Like Crazy,2011,13+,69,0,1,0,0,0,2,19
478,Dangerous Minds,1995,18+,69,0,1,0,0,0,1,19
479,What's Love Got To Do With It,1993,18+,69,0,1,0,0,0,1,19
480,The November Man,2014,18+,69,0,1,0,0,0,4,19
481,The 33,2015,13+,69,0,1,0,0,0,4,19
482,Force Majeure,2014,18+,69,0,1,1,0,0,3,19
484,The Beatles: Eight Days a Week - The Touring Years,2016,,69,0,1,0,0,0,3,19
485,In a World...,2013,18+,69,0,1,0,0,0,2,19
486,Step Up 2: The Streets,2008,13+,69,0,1,0,0,0,4,19
487,Willy's Wonderland,2021,18+,69,0,1,0,0,0,1,19
488,Trolls World Tour,2020,7+,69,0,1,0,0,0,3,19
489,Young Adult,2011,18+,69,0,1,0,0,0,2,19
490,The Biggest Little Farm,2019,7+,69,0,1,0,0,0,2,19
491,How Green Was My Valley,1941,,69,0,1,0,0,0,1,19
492,Cartel Land,2015,18+,69,0,1,0,0,0,2,19
493,Mercury Rising,1998,16+,69,0,1,0,0,0,2,19
494,Pet Sematary,2019,18+,68,0,1,0,0,0,1,19
495,Border,2018,18+,68,0,1,0,0,0,1,19
496,The Art of Self-Defense,2019,18+,68,0,1,0,0,0,1,19
497,The Soloist,2009,13+,68,0,1,0,0,0,2,19
498,Zappa,2020,,68,0,1,0,0,0,2,19
499,A Hard Day,2014,13+,68,0,1,0,0,0,4,19
500,Sinbad: Legend of the Seven Seas,2003,7+,68,0,1,0,0,0,2,19
501,Some Kind of Heaven,2021,13+,68,0,1,0,0,0,1,19
502,Missing Link,2019,7+,68,0,1,0,0,0,1,19
503,The Amazing Johnathan Documentary,2019,,68,0,1,0,0,0,2,19
504,Fight Club,1999,18+,93,0,0,1,0,0,1,19
505,Tumbbad,2018,,93,0,0,1,0,0,2,19
506,Gully Boy,2019,,91,0,0,1,0,0,1,19
507,Chak De! India,2007,7+,90,0,0,1,0,0,3,19
508,Honey Boy,2019,18+,89,0,0,1,0,0,1,19
509,The Report,2019,18+,89,0,0,1,0,0,1,19
510,Alien,1979,18+,88,0,0,1,0,0,3,19
511,Borat Subsequent Moviefilm,2020,18+,88,0,0,1,0,0,3,19
512,Raazi,2018,,88,0,0,1,0,0,2,19
513,Snatch,2000,18+,87,0,0,1,0,0,1,19
514,Beautiful Boy,2018,18+,87,0,0,1,0,0,1,19
515,One Night in Miami...,2021,18+,86,0,0,1,0,0,3,19
516,Mahanati,2018,7+,86,0,0,1,0,0,1,19
517,Knives Out,2019,13+,85,0,0,1,0,0,2,19
518,Rear Window,1954,7+,85,0,0,1,0,0,4,19
519,Brittany Runs a Marathon,2019,18+,85,0,0,1,0,0,2,19
520,Invisible Life,2019,18+,85,0,0,1,0,0,3,19
521,Vertigo,1958,7+,84,0,0,1,0,0,3,19
522,One Child Nation,2019,18+,84,0,0,1,0,0,2,19
523,It's a Wonderful Life,1946,7+,84,0,0,1,0,0,3,19
524,Late Night,2019,18+,84,0,0,1,0,0,3,19
525,E.T. the Extra-Terrestrial,1982,7+,83,0,0,1,0,0,3,19
526,Sultan,2016,,83,0,0,1,0,0,3,19
527,Midnight in Paris,2011,13+,82,0,0,1,0,0,2,19
528,The Boondock Saints,1999,18+,82,0,0,1,0,0,4,19
529,Gaslight,1940,,82,0,0,1,0,0,4,19
530,"I, Robot",2004,13+,82,0,0,1,0,0,2,19
531,Blow the Man Down,2019,18+,82,0,0,1,0,0,2,19
532,Thappad,2020,,82,0,0,1,0,0,1,19
533,Unbreakable,2000,13+,82,0,0,1,0,0,2,19
534,Titli,2015,,81,0,0,1,0,0,1,19
535,The Handmaiden,2016,18+,81,0,0,1,0,0,2,19
536,Dodsworth,1936,,81,0,0,1,0,0,1,19
537,The Wrestler,2008,18+,81,0,0,1,0,0,4,19
538,The Tomorrow War,2021,13+,81,0,0,1,0,0,4,19
539,Manchester by the Sea,2016,18+,81,0,0,1,0,0,1,19
540,Sunset Boulevard,1950,7+,81,0,0,1,0,0,2,19
541,Hotel Rwanda,2004,13+,80,0,0,1,0,0,3,19
542,Fan,2016,,80,0,0,1,0,0,1,19
543,Scent of a Woman,1992,18+,80,0,0,1,0,0,4,19
544,Burn Notice: The Fall of Sam Axe,2011,7+,80,0,0,1,0,0,3,19
545,Midsommar,2019,18+,80,0,0,1,0,0,3,19
546,Sound of Metal,2020,18+,80,0,0,1,0,0,1,19
547,The Lighthouse,2019,18+,80,0,0,1,0,0,2,19
548,The Elephant Man,1980,7+,80,0,0,1,0,0,1,19
549,Tropic Thunder,2008,18+,80,0,0,1,0,0,3,19
550,Philadelphia,1993,13+,79,0,0,1,0,0,2,19
551,Adaptation.,2002,18+,79,0,0,1,0,0,2,19
552,A.I. Artificial Intelligence,2001,13+,79,0,0,1,0,0,3,19
553,Rab Ne Bana Di Jodi,2008,7+,79,0,0,1,0,0,4,19
554,Dum Laga Ke Haisha,2015,,79,0,0,1,0,0,2,19
555,The Big Sick,2017,18+,79,0,0,1,0,0,3,19
556,Rocket Singh: Salesman of the Year,2009,13+,79,0,0,1,0,0,2,19
557,On the Waterfront,1954,7+,79,0,0,1,0,0,4,19
558,The Abyss,1989,13+,79,0,0,1,0,0,3,19
559,Ran,1985,18+,79,0,0,1,0,0,4,19
560,Awakenings,1990,13+,79,0,0,1,0,0,1,19
561,Burn After Reading,2008,16+,78,0,0,1,0,0,3,19
562,Sylvie's Love,2020,13+,78,0,0,1,0,0,3,19
563,Perfume: The Story of a Murderer,2006,18+,78,0,0,1,0,0,1,19
564,Hellboy,2004,13+,78,0,0,1,0,0,4,19
565,Master and Commander: The Far Side of the World,2003,13+,78,0,0,1,0,0,3,19
566,The Descent,2006,18+,78,0,0,1,0,0,1,19
567,The Ghazi Attack,2017,7+,77,0,0,1,0,0,1,19
568,Patton,1970,7+,77,0,0,1,0,0,1,19
569,"Love, Rosie",2014,18+,77,0,0,1,0,0,1,19
570,Jean-Michel Basquiat: The Radiant Child,2010,,77,0,0,1,0,0,1,19
571,The Last King of Scotland,2006,18+,77,0,0,1,0,0,3,19
572,Roman Holiday,1953,all,77,0,0,1,0,0,2,19
573,Only Lovers Left Alive,2013,18+,77,0,0,1,0,0,2,19
574,Resident Evil,2002,18+,77,0,0,1,0,0,2,19
575,The French Connection,1971,18+,77,0,0,1,0,0,4,19
576,The Boys of St. Vincent,1992,,77,0,0,1,0,0,3,19
577,Inside Llewyn Davis,2013,18+,77,0,0,1,0,0,1,19
578,WarGames,1983,7+,76,0,0,1,0,0,2,19
579,My Spy,2020,13+,76,0,0,1,0,0,1,19
580,DodgeBall: A True Underdog Story,2004,13+,76,0,0,1,0,0,2,19
581,An American Werewolf in London,1981,18+,76,0,0,1,0,0,1,19
582,Dilwale Dulhania Le Jayenge,1995,all,76,0,0,1,0,0,2,19
583,Clue,1985,7+,76,0,0,1,0,0,1,19
584,Dear Zachary: A Letter to a Son About His Father,2008,,76,0,0,1,0,0,3,19
585,Incident at Oglala,1992,7+,76,0,0,1,0,0,4,19
586,Crimson Tide,1995,18+,76,0,0,1,0,0,4,19
587,Highlander,1986,18+,76,0,0,1,0,0,4,19
588,Chicken Run,2000,all,76,0,0,1,0,0,2,19
589,The Farewell,2019,7+,76,0,0,1,0,0,2,19
590,"Tomorrow, When the War Began",2010,18+,76,0,0,1,0,0,3,19
591,Trilogy of Terror,1975,,76,0,0,1,0,0,2,19
592,Charade,1963,13+,75,0,0,1,0,0,1,19
593,7500,2019,18+,75,0,0,1,0,0,3,19
594,The Fisher King,1991,18+,75,0,0,1,0,0,3,19
595,High Noon,1952,7+,75,0,0,1,0,0,2,19
596,Phone Booth,2002,18+,75,0,0,1,0,0,4,19
597,King Lear,2018,16+,75,0,0,1,0,0,2,19
598,Hard Candy,2005,18+,75,0,0,1,0,0,1,19
599,The Wicker Man,1973,18+,75,0,0,1,0,0,4,19
600,102 Not Out,2018,7+,75,0,0,1,0,0,4,19
601,Trumbo,2015,18+,75,0,0,1,0,0,4,19
602,The African Queen,1952,7+,75,0,0,1,0,0,2,19
603,Good Newwz,2019,,75,0,0,1,0,0,4,19
604,Climax,2018,18+,75,0,0,1,0,0,4,19
605,Chasing Happiness,2019,,75,0,0,1,0,0,4,19
606,The Mask of Zorro,1998,7+,74,0,0,1,0,0,1,19
607,Delicatessen,1991,18+,74,0,0,1,0,0,3,19
608,Mallrats,1995,18+,74,0,0,1,0,0,1,19
609,An Education,2009,13+,74,0,0,1,0,0,2,19
610,Open Your Eyes,1997,18+,74,0,0,1,0,0,1,19
611,You Were Never Really Here,2017,18+,74,0,0,1,0,0,1,19
612,Eagle Eye,2008,13+,74,0,0,1,0,0,3,19
613,His Girl Friday,1940,,74,0,0,1,0,0,2,19
614,Timecrimes,2007,18+,74,0,0,1,0,0,1,19
615,Rudy,1993,7+,74,0,0,1,0,0,3,19
616,To Catch a Thief,1955,7+,74,0,0,1,0,0,1,19
617,Alien Resurrection,1997,18+,74,0,0,1,0,0,4,19
618,Pantani: The Accidental Death of a Cyclist,2014,7+,74,0,0,1,0,0,1,19
619,The Lost City of Z,2017,13+,74,0,0,1,0,0,1,19
620,Photograph,2019,13+,74,0,0,1,0,0,3,19
621,All In: The Fight for Democracy,2020,13+,74,0,0,1,0,0,3,19
622,Jungle,2017,18+,74,0,0,1,0,0,1,19
623,Our Friend,2021,18+,74,0,0,1,0,0,3,19
624,Pride,2014,18+,74,0,0,1,0,0,2,19
625,Guns Akimbo,2020,18+,74,0,0,1,0,0,2,19
626,Hellraiser,1987,18+,74,0,0,1,0,0,3,19
627,The Little Prince,2015,7+,74,0,0,1,0,0,1,19
628,Seeking a Friend for the End of the World,2012,18+,73,0,0,1,0,0,1,19
629,Los Olvidados,1950,,73,0,0,1,0,0,2,19
630,Paterson,2016,18+,73,0,0,1,0,0,2,19
631,Time,2020,13+,73,0,0,1,0,0,2,19
632,Invasion of the Body Snatchers,1956,,73,0,0,1,0,0,2,19
633,Frailty,2001,18+,73,0,0,1,0,0,2,19
634,Julie & Julia,2009,13+,73,0,0,1,0,0,2,19
635,Guess Who's Coming to Dinner,1967,,73,0,0,1,0,0,4,19
636,Troll Hunter,2010,13+,73,0,0,1,0,0,2,19
637,Grizzly Man,2005,18+,73,0,0,1,0,0,3,19
638,The 39 Steps,1935,,73,0,0,1,0,0,1,19
639,The Gravedancers,2006,18+,73,0,0,1,0,0,3,19
640,Suspiria,2018,18+,73,0,0,1,0,0,3,19
641,Top Secret!,1984,7+,73,0,0,1,0,0,1,19
642,Get Duked!,2019,18+,73,0,0,1,0,0,4,19
643,Mr. Church,2016,13+,73,0,0,1,0,0,4,19
644,A Dark Place,2019,,73,0,0,1,0,0,4,19
645,Rambo: Last Blood,2019,18+,73,0,0,1,0,0,3,19
646,Salaam Namaste,2005,7+,73,0,0,1,0,0,4,19
647,Empire of Dreams: The Story of the Star Wars Trilogy,2004,,73,0,0,1,1,0,4,19
648,What If,2013,13+,72,0,0,1,0,0,2,19
649,Stop Making Sense,1984,,72,0,0,1,0,0,4,19
650,Ace in the Hole,1951,,72,0,0,1,0,0,2,19
651,Battleship Potemkin,1925,,72,0,0,1,0,0,2,19
652,The Salesman,2016,13+,72,0,0,1,0,0,2,19
653,Monsters,2010,18+,72,0,0,1,0,0,1,19
654,Tumhari Sulu,2017,,72,0,0,1,0,0,1,19
655,Super Size Me,2004,13+,72,0,0,1,0,0,4,19
656,Cold War,2018,18+,72,0,0,1,0,0,2,19
657,K.G.F: Chapter 1,2018,,72,0,0,1,0,0,1,19
658,Biutiful,2010,18+,72,0,0,1,0,0,3,19
659,Unhinged,2020,18+,72,0,0,1,0,0,4,19
660,Sonu Ke Titu Ki Sweety,2018,,72,0,0,1,0,0,1,19
661,My Favorite Season,1993,,72,0,0,1,0,0,3,19
662,Ali,2001,18+,72,0,0,1,0,0,3,19
663,Honest Thief,2020,13+,72,0,0,1,0,0,1,19
664,Pinocchio,2019,13+,72,0,0,1,1,0,4,19
665,The Vast of Night,2020,13+,72,0,0,1,0,0,1,19
666,Green Lantern,2011,13+,72,0,0,1,0,0,3,19
667,Kingpin,1996,13+,72,0,0,1,0,0,4,19
668,The Italian Job,1969,all,72,0,0,1,0,0,1,19
669,Tiger Zinda Hai,2017,7+,72,0,0,1,0,0,2,19
670,Shane,1953,,72,0,0,1,0,0,2,19
671,The Discreet Charm of the Bourgeoisie,1972,7+,72,0,0,1,0,0,4,19
672,The Last Castle,2001,18+,72,0,0,1,0,0,3,19
673,In a Lonely Place,1950,,72,0,0,1,0,0,3,19
674,Colombiana,2011,13+,72,0,0,1,0,0,4,19
675,Marie Antoinette,2006,13+,72,0,0,1,0,0,4,19
676,Burlesque,2010,13+,72,0,0,1,0,0,3,19
677,Hard Eight,1996,18+,72,0,0,1,0,0,4,19
678,Badrinath Ki Dulhania,2017,7+,72,0,0,1,0,0,4,19
679,Nick and Norah's Infinite Playlist,2008,13+,72,0,0,1,0,0,4,19
680,A Taxi Driver,2017,,72,0,0,1,0,0,3,19
681,Star Trek: Nemesis,2002,13+,72,0,0,1,0,0,4,19
682,The Dressmaker,2015,18+,72,0,0,1,0,0,2,19
683,Reign of Fire,2002,13+,72,0,0,1,0,0,1,19
684,Rent,2005,13+,71,0,0,1,0,0,1,19
685,The Quiet Man,1952,all,71,0,0,1,0,0,1,19
686,Vantage Point,2008,13+,71,0,0,1,0,0,3,19
687,Peeping Tom,1960,,71,0,0,1,0,0,2,19
688,The Aeronauts,2019,13+,71,0,0,1,0,0,3,19
689,New York,2009,,71,0,0,1,0,0,2,19
690,Lords of Dogtown,2005,13+,71,0,0,1,0,0,3,19
691,Boys,2014,,71,0,0,1,0,0,3,19
692,The Flaw,2011,13+,71,0,0,1,0,0,4,19
693,Why Did I Get Married?,2007,13+,71,0,0,1,0,0,3,19
694,Testament of Youth,2014,13+,71,0,0,1,0,0,3,19
695,The Taking of Pelham One Two Three,1974,18+,71,0,0,1,0,0,2,19
696,House of Sand and Fog,2003,18+,71,0,0,1,0,0,3,19
697,Rangasthalam,2018,13+,71,0,0,1,0,0,1,19
698,Vivarium,2019,18+,71,0,0,1,0,0,3,19
699,Goon,2012,18+,71,0,0,1,0,0,4,19
700,The Devil's Double,2011,18+,71,0,0,1,0,0,3,19
701,The Odd Couple,1968,all,70,0,0,1,0,0,3,19
702,The Men Who Stare at Goats,2009,18+,70,0,0,1,0,0,4,19
703,The Informer,2019,18+,70,0,0,1,0,0,2,19
704,Hector and the Search for Happiness,2014,18+,70,0,0,1,0,0,3,19
705,The Collector,2009,18+,70,0,0,1,0,0,3,19
706,"See No Evil, Hear No Evil",1989,18+,70,0,0,1,0,0,3,19
707,The Party,1968,7+,70,0,0,1,0,0,2,19
708,The Towering Inferno,1974,7+,70,0,0,1,0,0,3,19
709,The Grudge,2004,13+,70,0,0,1,0,0,1,19
710,Beowulf,2007,13+,70,0,0,1,0,0,3,19
711,Of Mice and Men,1992,13+,70,0,0,1,0,0,4,19
712,A Place in the Sun,1951,,70,0,0,1,0,0,1,19
713,True Grit,1969,all,70,0,0,1,0,0,1,19
714,Unsane,2018,18+,70,0,0,1,0,0,3,19
715,Lucky,2017,,70,0,0,1,0,0,2,19
716,Tickled,2016,18+,70,0,0,1,0,0,3,19
717,The Last Unicorn,1982,all,70,0,0,1,0,0,4,19
718,The Neon Demon,2016,18+,70,0,0,1,0,0,2,19
719,The Last Black Man in San Francisco,2019,18+,70,0,0,1,0,0,3,19
720,The Ghost and the Darkness,1996,18+,70,0,0,1,0,0,3,19
721,Two Night Stand,2014,18+,70,0,0,1,0,0,1,19
722,Coming 2 America,2021,13+,70,0,0,1,0,0,4,19
723,Searching for Bobby Fischer,1993,7+,70,0,0,1,0,0,2,19
724,Becoming Cary Grant,2017,7+,70,0,0,1,0,0,1,19
725,Hummingbird,2013,18+,70,0,0,1,0,0,1,19
726,Little Big Man,1970,16+,70,0,0,1,0,0,2,19
727,The Lady from Shanghai,1947,,70,0,0,1,0,0,4,19
728,Fist of Fury,1972,18+,69,0,0,1,0,0,1,19
729,Fanboys,2009,13+,69,0,0,1,0,0,2,19
730,The Monster Squad,1987,13+,69,0,0,1,0,0,1,19
731,Uncle Tom,2020,all,69,0,0,1,0,0,2,19
732,Candy,2006,18+,69,0,0,1,0,0,1,19
733,Europa Report,2013,13+,69,0,0,1,0,0,3,19
734,My Man Godfrey,1936,,69,0,0,1,0,0,3,19
735,Romeo and Juliet,1968,7+,69,0,0,1,0,0,4,19
736,Irrational Man,2015,18+,69,0,0,1,0,0,1,19
737,Before I Go to Sleep,2014,18+,69,0,0,1,0,0,4,19
738,Miss Pettigrew Lives for a Day,2008,13+,69,0,0,1,0,0,3,19
739,The Uninvited,2009,13+,69,0,0,1,0,0,3,19
740,The Ladykillers,2004,18+,69,0,0,1,0,0,2,19
741,The Map of Tiny Perfect Things,2021,13+,69,0,0,1,0,0,2,19
742,House of 1000 Corpses,2003,18+,69,0,0,1,0,0,2,19
743,30 Minutes or Less,2011,16+,69,0,0,1,0,0,4,19
744,Lara Croft: Tomb Raider - The Cradle of Life,2003,13+,69,0,0,1,0,0,2,19
745,Ek Tha Tiger,2012,13+,69,0,0,1,0,0,1,19
746,StreetDance 3D,2010,13+,69,0,0,1,0,0,2,19
747,Phantasm,1979,18+,69,0,0,1,0,0,2,19
748,Caf� Society,2016,13+,69,0,0,1,0,0,4,19
749,The Green Hornet,2011,13+,69,0,0,1,0,0,3,19
750,Small Soldiers,1998,13+,69,0,0,1,0,0,2,19
751,Danger Close: The Battle of Long Tan,2019,18+,69,0,0,1,0,0,1,19
752,Bringing Out the Dead,1999,18+,69,0,0,1,0,0,2,19
753,Chisholm '72: Unbought & Unbossed,2004,,69,0,0,1,0,0,3,19
754,Unlocked,2017,18+,69,0,0,1,0,0,3,19
755,Mary Poppins,1964,all,96,0,0,0,1,0,3,19
756,Avengers: Endgame,2019,13+,90,0,0,0,1,0,4,19
757,Avengers: Infinity War,2018,13+,90,0,0,0,1,0,2,19
758,Star Wars: A New Hope,1977,7+,89,0,0,0,1,0,2,19
759,Star Wars: The Empire Strikes Back,1980,7+,89,0,0,0,1,0,3,19
760,Soul,2020,7+,89,0,0,0,1,0,4,19
761,Guardians of the Galaxy,2014,13+,89,0,0,0,1,0,2,19
762,The Lion King,1994,all,89,0,0,0,1,0,2,19
763,WALL�E,2008,all,88,0,0,0,1,0,1,19
764,The Avengers,2012,13+,88,0,0,0,1,0,3,19
765,The Many Adventures of Winnie the Pooh,1977,all,88,0,0,0,1,0,2,19
766,Toy Story,1995,all,88,0,0,0,1,0,1,19
767,Up,2009,7+,88,0,0,0,1,0,4,19
768,Star Wars: Return of the Jedi,1983,7+,87,0,0,0,1,0,1,19
769,Finding Nemo,2003,all,87,0,0,0,1,0,3,19
770,"Monsters, Inc.",2001,all,87,0,0,0,1,0,3,19
771,Coco,2017,7+,87,0,0,0,1,0,2,19
772,Avatar,2009,13+,86,0,0,0,1,0,4,19
773,Toy Story 3,2010,all,86,0,0,0,1,0,2,19
774,Thor: Ragnarok,2017,13+,86,0,0,0,1,0,2,19
775,Pirates of the Caribbean: The Curse of the Black Pearl,2003,13+,86,0,0,0,1,0,2,19
776,Captain America: Civil War,2016,13+,86,0,0,0,1,0,3,19
777,Star Wars: The Force Awakens,2015,13+,86,0,0,0,1,0,1,19
778,The Incredibles,2004,7+,86,0,0,0,1,0,2,19
779,Captain America: The Winter Soldier,2014,13+,86,0,0,0,1,0,1,19
780,Rogue One: A Star Wars Story,2016,13+,85,0,0,0,1,0,2,19
781,Guardians of the Galaxy Vol. 2,2017,13+,85,0,0,0,1,0,4,19
782,Zootopia,2016,7+,85,0,0,0,1,0,4,19
783,Ratatouille,2007,all,85,0,0,0,1,0,4,19
784,Doctor Strange,2016,13+,85,0,0,0,1,0,3,19
785,X-Men: Days of Future Past,2014,13+,85,0,0,0,1,0,4,19
786,Black Panther,2018,13+,84,0,0,0,1,0,1,19
787,Avengers: Age of Ultron,2015,13+,84,0,0,0,1,0,2,19
788,The Princess Bride,1987,7+,84,0,0,0,1,0,1,19
789,Big Hero 6,2014,7+,84,0,0,0,1,0,2,19
790,Toy Story 2,1999,all,84,0,0,0,1,0,4,19
791,Aladdin,1992,all,84,0,0,0,1,0,2,19
792,Ant-Man,2015,13+,84,0,0,0,1,0,4,19
793,Moana,2016,7+,83,0,0,0,1,0,1,19
794,Hidden Figures,2016,7+,83,0,0,0,1,0,4,19
795,Frozen,2013,7+,83,0,0,0,1,0,2,19
796,Star Wars: Episode III - Revenge of the Sith,2005,13+,83,0,0,0,1,0,3,19
797,Wreck-It Ralph,2012,7+,83,0,0,0,1,0,2,19
798,Incredibles 2,2018,7+,83,0,0,0,1,0,4,19
799,Tangled,2010,7+,83,0,0,0,1,0,1,19
800,Iron Man 3,2013,13+,83,0,0,0,1,0,4,19
801,The Nightmare Before Christmas,1993,7+,83,0,0,0,1,0,1,19
802,Luca,2021,7+,82,0,0,0,1,0,4,19
803,Home Alone,1990,7+,82,0,0,0,1,0,3,19
804,Captain America: The First Avenger,2011,13+,82,0,0,0,1,0,4,19
805,Thor,2011,13+,82,0,0,0,1,0,2,19
806,X2,2003,13+,82,0,0,0,1,0,2,19
807,Iron Man 2,2010,13+,82,0,0,0,1,0,1,19
808,The Greatest Showman,2017,7+,82,0,0,0,1,0,2,19
809,Pirates of the Caribbean: Dead Man's Chest,2006,13+,82,0,0,0,1,0,1,19
810,Toy Story 4,2019,all,82,0,0,0,1,0,4,19
811,Star Wars: The Last Jedi,2017,13+,82,0,0,0,1,0,3,19
812,Tinker Bell and the Lost Treasure,2009,all,81,0,0,0,1,0,4,19
813,Hamilton,2020,13+,81,0,0,0,1,0,3,19
814,Captain Marvel,2019,13+,81,0,0,0,1,0,2,19
815,Thor: The Dark World,2013,13+,81,0,0,0,1,0,3,19
816,Raya and the Last Dragon,2021,7+,81,0,0,0,1,0,3,19
817,Ant-Man and the Wasp,2018,13+,81,0,0,0,1,0,1,19
818,Fantastic Mr. Fox,2009,7+,81,0,0,0,1,0,4,19
819,Finding Dory,2016,7+,81,0,0,0,1,0,2,19
820,Mulan,1998,all,81,0,0,0,1,0,1,19
821,Pirates of the Caribbean: At World's End,2007,13+,81,0,0,0,1,0,1,19
822,Cars,2006,all,81,0,0,0,1,0,1,19
823,X-Men: Apocalypse,2016,13+,80,0,0,0,1,0,2,19
824,Monsters University,2013,all,80,0,0,0,1,0,3,19
825,Brave,2012,7+,80,0,0,0,1,0,1,19
826,Onward,2020,7+,80,0,0,0,1,0,2,19
827,The Sound of Music,1965,all,80,0,0,0,1,0,1,19
828,Isle of Dogs,2018,13+,80,0,0,0,1,0,1,19
829,Who Framed Roger Rabbit,1988,7+,80,0,0,0,1,0,2,19
830,The Sandlot,1993,7+,79,0,0,0,1,0,1,19
831,Solo: A Star Wars Story,2018,13+,79,0,0,0,1,0,3,19
832,A Bug's Life,1998,all,79,0,0,0,1,0,1,19
833,Star Wars: Episode I - The Phantom Menace,1999,7+,79,0,0,0,1,0,3,19
834,Remember the Titans,2000,7+,79,0,0,0,1,0,3,19
835,Ralph Breaks the Internet,2018,7+,79,0,0,0,1,0,3,19
836,Black Is King,2020,16+,79,0,0,0,1,0,2,19
837,Lilo & Stitch,2002,7+,79,0,0,0,1,0,1,19
838,The Emperor's New Groove,2000,all,78,0,0,0,1,0,4,19
839,Star Wars: The Rise of Skywalker,2019,13+,78,0,0,0,1,0,1,19
840,Star Wars: Episode II - Attack of the Clones,2002,7+,78,0,0,0,1,0,1,19
841,The Simpsons Movie,2007,13+,78,0,0,0,1,0,1,19
842,Frozen II,2019,7+,78,0,0,0,1,0,2,19
843,"The Chronicles of Narnia: The Lion, the Witch and the Wardrobe",2005,7+,78,0,0,0,1,0,2,19
844,X-Men: The Last Stand,2006,13+,78,0,0,0,1,0,4,19
845,Snow White and the Seven Dwarfs,1937,all,78,0,0,0,1,0,2,19
846,X-Men Origins: Wolverine,2009,13+,78,0,0,0,1,0,1,19
847,Sanjay's Super Team,2015,7+,78,0,0,0,1,0,2,19
848,Pirates of the Caribbean: Dead Men Tell No Tales,2017,13+,78,0,0,0,1,0,3,19
849,Home Alone 2: Lost in New York,1992,7+,77,0,0,0,1,0,1,19
850,The Color of Friendship,2000,7+,77,0,0,0,1,0,2,19
851,Free Solo,2018,13+,77,0,0,0,1,0,1,19
852,The Princess and the Frog,2009,all,77,0,0,0,1,0,4,19
853,Alice in Wonderland,1951,all,77,0,0,0,1,0,3,19
854,Rio,2011,all,77,0,0,0,1,0,3,19
855,Saving Mr. Banks,2013,13+,77,0,0,0,1,0,4,19
856,Ice Age: Dawn of the Dinosaurs,2009,7+,76,0,0,0,1,0,1,19
857,Miss Peregrine's Home for Peculiar Children,2016,13+,76,0,0,0,1,0,3,19
858,Bolt,2008,7+,76,0,0,0,1,0,1,19
859,That Darn Cat!,1965,all,76,0,0,0,1,0,1,19
860,Night at the Museum,2006,7+,76,0,0,0,1,0,2,19
861,One Hundred and One Dalmatians,1961,all,76,0,0,0,1,0,3,19
862,Lady and the Tramp,1955,all,76,0,0,0,1,0,3,19
863,Bambi,1942,all,76,0,0,0,1,0,2,19
864,Togo,2019,7+,76,0,0,0,1,0,2,19
865,The Straight Story,1999,all,76,0,0,0,1,0,3,19
866,Peter Pan,1953,all,76,0,0,0,1,0,4,19
867,Cars 3,2017,all,76,0,0,0,1,0,1,19
868,Fantasia,1940,all,76,0,0,0,1,0,4,19
869,Maleficent: Mistress of Evil,2019,7+,76,0,0,0,1,0,2,19
870,Ice Age: The Meltdown,2006,7+,76,0,0,0,1,0,1,19
871,Treasure Planet,2002,7+,75,0,0,0,1,0,4,19
872,Anastasia,1997,all,75,0,0,0,1,0,2,19
873,Pooh's Heffalump Movie,2005,all,75,0,0,0,1,0,3,19
874,John Carter,2012,13+,75,0,0,0,1,0,3,19
875,Willow,1988,7+,75,0,0,0,1,0,3,19
876,Dumbo,1941,all,75,0,0,0,1,0,4,19
877,Sleeping Beauty,1959,all,75,0,0,0,1,0,1,19
878,We Bought a Zoo,2011,7+,75,0,0,0,1,0,4,19
879,Pocahontas,1995,all,75,0,0,0,1,0,4,19
880,The Good Dinosaur,2015,7+,75,0,0,0,1,0,4,19
881,The Aristocats,1970,all,75,0,0,0,1,0,4,19
882,National Treasure: Book of Secrets,2007,7+,75,0,0,0,1,0,2,19
883,Hocus Pocus,1993,7+,75,0,0,0,1,0,1,19
884,Cool Runnings,1993,7+,75,0,0,0,1,0,1,19
885,Christopher Robin,2018,7+,75,0,0,0,1,0,1,19
886,Stargirl,2020,7+,74,0,0,0,1,0,1,19
887,Eddie the Eagle,2016,13+,74,0,0,0,1,0,4,19
888,Atlantis: The Lost Empire,2001,7+,74,0,0,0,1,0,4,19
889,The Book of Life,2014,7+,74,0,0,0,1,0,3,19
890,The Parent Trap,1998,7+,74,0,0,0,1,0,3,19
891,Before the Flood,2016,7+,74,0,0,0,1,0,2,19
892,Piper,2016,all,74,0,0,0,1,0,1,19
893,The Fox and the Hound,1981,all,74,0,0,0,1,0,2,19
894,Cars 2,2011,all,74,0,0,0,1,0,2,19
895,Prince of Persia: The Sands of Time,2010,13+,74,0,0,0,1,0,4,19
896,The Sword in the Stone,1963,all,74,0,0,0,1,0,3,19
897,The Chronicles of Narnia: Prince Caspian,2008,7+,74,0,0,0,1,0,1,19
898,Tron,1982,7+,74,0,0,0,1,0,1,19
899,Frank and Ollie,1995,7+,73,0,0,0,1,0,2,19
900,Holes,2003,7+,73,0,0,0,1,0,2,19
901,Meet the Robinsons,2007,all,73,0,0,0,1,0,1,19
902,The Princess Diaries,2001,all,73,0,0,0,1,0,2,19
903,Horton Hears a Who!,2008,all,73,0,0,0,1,0,3,19
904,Alice Through the Looking Glass,2016,7+,73,0,0,0,1,0,4,19
905,Night at the Museum: Battle of the Smithsonian,2009,7+,73,0,0,0,1,0,3,19
906,Brother Bear,2003,all,73,0,0,0,1,0,3,19
907,Mary Poppins Returns,2018,7+,73,0,0,0,1,0,2,19
908,Timmy Failure: Mistakes Were Made,2020,7+,73,0,0,0,1,0,2,19
909,The Muppet Christmas Carol,1992,all,72,0,0,0,1,0,1,19
910,Presto,2008,all,72,0,0,0,1,0,4,19
911,Ferdinand,2017,7+,72,0,0,0,1,0,1,19
912,Miracle,2004,7+,72,0,0,0,1,0,4,19
913,The Finest Hours,2016,13+,72,0,0,0,1,0,1,19
914,"Honey, I Shrunk the Kids",1989,7+,72,0,0,0,1,0,4,19
915,The Santa Clause,1994,7+,72,0,0,0,1,0,3,19
916,Percy Jackson & the Olympians: The Lightning Thief,2010,7+,72,0,0,0,1,0,2,19
917,The Peanuts Movie,2015,all,72,0,0,0,1,0,4,19
918,Frankenweenie,2012,7+,72,0,0,0,1,0,2,19
919,The Chronicles of Narnia: The Voyage of the Dawn Treader,2010,7+,72,0,0,0,1,0,1,19
920,Geri's Game,1997,all,72,0,0,0,1,0,4,19
921,Into the Woods,2014,7+,72,0,0,0,1,0,1,19
922,Piglet's Big Movie,2003,all,72,0,0,0,1,0,3,19
923,Pete's Dragon,2016,7+,72,0,0,0,1,0,1,19
924,Freaky Friday,2003,7+,71,0,0,0,1,0,4,19
925,Fantastic Four: Rise of the Silver Surfer,2007,13+,71,0,0,0,1,0,3,19
926,Sister Act,1992,7+,71,0,0,0,1,0,1,19
927,The Sorcerer's Apprentice,2010,7+,71,0,0,0,1,0,3,19
928,EverAfter,1998,13+,71,0,0,0,1,0,4,19
929,A Goofy Movie,1995,all,71,0,0,0,1,0,1,19
930,Bend It Like Beckham,2002,13+,71,0,0,0,1,0,3,19
931,Lifted,2006,all,71,0,0,0,1,0,3,19
932,Big Business,1988,7+,71,0,0,0,1,0,4,19
933,Roving Mars,2006,7+,71,0,0,0,1,0,2,19
934,The Lion King II: Simba's Pride,1998,all,71,0,0,0,1,0,1,19
935,La luna,2012,all,71,0,0,0,1,0,4,19
936,The Muppet Movie,1979,all,71,0,0,0,1,0,2,19
937,Percy Jackson: Sea of Monsters,2013,7+,70,0,0,0,1,0,1,19
938,The Rescuers,1977,all,70,0,0,0,1,0,3,19
939,Partly Cloudy,2009,all,70,0,0,0,1,0,3,19
940,Iron Will,1994,7+,70,0,0,0,1,0,1,19
941,Eight Below,2006,7+,70,0,0,0,1,0,1,19
942,Homeward Bound: The Incredible Journey,1993,all,70,0,0,0,1,0,3,19
943,James and the Giant Peach,1996,7+,70,0,0,0,1,0,2,19
944,Adventures in Babysitting,1987,13+,70,0,0,0,1,0,1,19
945,The Great Mouse Detective,1986,all,70,0,0,0,1,0,3,19
946,Day & Night,2010,all,70,0,0,0,1,0,4,19
947,Flight of the Navigator,1986,7+,70,0,0,0,1,0,4,19
948,The Mighty Ducks,1992,7+,70,0,0,0,1,0,2,19
949,BURN�E,2008,all,70,0,0,0,1,0,4,19
950,The Lion King 1�,2004,all,70,0,0,0,1,0,2,19
951,Mickey's Christmas Carol,1983,all,70,0,0,0,1,0,4,19
952,Bedtime Stories,2008,7+,69,0,0,0,1,0,1,19
953,The Last Song,2010,7+,69,0,0,0,1,0,3,19
954,Ice Age: Collision Course,2016,all,69,0,0,0,1,0,3,19
955,Mr. Holland's Opus,1995,7+,69,0,0,0,1,0,2,19
956,Secretariat,2010,7+,69,0,0,0,1,0,4,19
957,Fantasia 2000,1999,all,69,0,0,0,1,0,2,19
958,Oliver & Company,1988,all,69,0,0,0,1,0,2,19
959,Melody Time,1948,,69,0,0,0,1,0,2,19
960,Newsies: The Broadway Musical,2017,7+,69,0,0,0,1,0,1,19
961,Bao,2018,all,69,0,0,0,1,0,4,19
962,Splash,1984,7+,69,0,0,0,1,0,1,19
963,"20,000 Leagues Under the Sea",1954,all,69,0,0,0,1,0,4,19
964,Dinosaur,2000,7+,69,0,0,0,1,0,1,19
965,Cheaper by the Dozen,2003,7+,69,0,0,0,1,0,1,19
966,The Rescuers Down Under,1990,all,69,0,0,0,1,0,2,19
967,Chicken Little,2005,all,68,0,0,0,1,0,3,19
968,The Princess Diaries 2: Royal Engagement,2004,all,68,0,0,0,1,0,2,19
969,101 Dalmatians II: Patch's London Adventure,2003,all,68,0,0,0,1,0,3,19
970,High School Musical,2006,all,68,0,0,0,1,0,3,19
971,Descendants,2015,all,68,0,0,0,1,0,4,19
972,Winnie the Pooh,2011,all,68,0,0,0,1,0,3,19
973,The Greatest Game Ever Played,2005,7+,68,0,0,0,1,0,4,19
974,Lava,2014,all,68,0,0,0,1,0,2,19
975,Bedknobs and Broomsticks,1971,all,68,0,0,0,1,0,2,19
976,Queen of Katwe,2016,7+,68,0,0,0,1,0,4,19
977,The Game Plan,2007,7+,68,0,0,0,1,0,2,19
978,Glory Road,2006,7+,68,0,0,0,1,0,1,19
979,D2: The Mighty Ducks,1994,7+,68,0,0,0,1,0,2,19
980,The Cat from Outer Space,1978,all,68,0,0,0,1,0,2,19
981,Toy Story of Terror!,2013,all,68,0,0,0,1,0,1,19
982,DuckTales: The Movie - Treasure of the Lost Lamp,1990,all,68,0,0,0,1,0,1,19
983,"Alexander and the Terrible, Horrible, No Good, Very Bad Day",2014,7+,67,0,0,0,1,0,4,19
984,The Odd Life of Timothy Green,2012,7+,67,0,0,0,1,0,3,19
985,Jack-Jack Attack,2005,all,67,0,0,0,1,0,1,19
986,The Three Musketeers,1993,7+,67,0,0,0,1,0,3,19
987,Aladdin and the King of Thieves,1996,all,67,0,0,0,1,0,2,19
988,Descendants 3,2019,all,67,0,0,0,1,0,3,19
989,Secret of the Wings,2012,all,67,0,0,0,1,0,4,19
990,The Pacifier,2005,7+,67,0,0,0,1,0,4,19
991,The One and Only Ivan,2020,7+,67,0,0,0,1,0,3,19
992,Toy Story That Time Forgot,2014,all,67,0,0,0,1,0,4,19
993,Muppet Treasure Island,1996,all,67,0,0,0,1,0,4,19
994,Gnomeo & Juliet,2011,all,67,0,0,0,1,0,4,19
995,Tinker Bell,2008,all,67,0,0,0,1,0,3,19
996,Return to Oz,1985,7+,66,0,0,0,1,0,2,19
997,The Santa Clause 2,2002,all,66,0,0,0,1,0,4,19
998,The Black Cauldron,1985,7+,66,0,0,0,1,0,1,19
999,Tinker Bell and the Legend of the NeverBeast,2014,all,66,0,0,0,1,0,2,19
1000,The Big Year,2011,7+,66,0,0,0,1,0,1,19
1001,Around the World in 80 Days,2004,7+,66,0,0,0,1,0,1,19
1002,Breaking Bad,2008,18+,100,1,0,0,0,1,3,19
1003,Stranger Things,2016,16+,96,1,0,0,0,1,2,19
1004,Attack on Titan,2013,18+,95,1,1,0,0,1,2,19
1005,Better Call Saul,2015,18+,94,1,0,0,0,1,1,19
1006,Dark,2017,16+,93,1,0,0,0,1,4,19
1007,Avatar: The Last Airbender,2005,7+,93,1,0,1,0,1,2,19
1008,Peaky Blinders,2013,18+,93,1,0,0,0,1,2,19
1009,The Walking Dead,2010,18+,93,1,0,0,0,1,3,19
1010,Black Mirror,2011,18+,92,1,0,0,0,1,4,19
1011,The Queen's Gambit,2020,18+,92,1,0,0,0,1,2,19
1012,Mindhunter,2017,18+,90,1,0,0,0,1,3,19
1013,Community,2009,7+,90,1,1,1,0,1,4,19
1014,Narcos,2015,18+,90,1,0,0,0,1,4,19
1015,Shameless,2011,18+,90,1,1,1,0,1,1,19
1016,Money Heist,2017,18+,90,1,0,0,0,1,2,19
1017,Marvel's Daredevil,2015,18+,90,1,0,0,0,1,4,19
1018,Lucifer,2016,16+,90,1,0,0,0,1,1,19
1019,Supernatural,2005,16+,89,1,0,0,0,1,1,19
1020,The Witcher,2019,18+,89,1,0,0,0,1,2,19
1021,Ozark,2017,18+,89,1,0,0,0,1,3,19
1022,The Crown,2016,18+,89,1,0,0,0,1,3,19
1023,Cobra Kai,2018,16+,89,1,0,0,0,1,4,19
1024,The Blacklist,2013,16+,88,1,0,0,0,1,2,19
1025,The Flash,2014,16+,88,1,0,0,0,1,4,19
1026,Outlander,2014,18+,88,1,0,0,0,1,1,19
1027,Fullmetal Alchemist: Brotherhood,2009,16+,88,1,1,0,0,1,2,19
1028,The Good Place,2016,16+,88,1,0,0,0,1,1,19
1029,House of Cards,2013,18+,88,1,0,0,0,1,2,19
1030,Atypical,2017,16+,88,1,0,0,0,1,1,19
1031,Grey's Anatomy,2005,16+,87,1,1,0,0,1,4,19
1032,Arrested Development,2003,16+,87,1,1,0,0,1,3,19
1033,Lupin,2021,18+,87,1,0,0,0,1,4,19
1034,The Umbrella Academy,2019,16+,87,1,0,0,0,1,1,19
1035,Orange Is the New Black,2013,18+,87,1,0,0,0,1,2,19
1036,The Vampire Diaries,2009,16+,86,1,0,0,0,1,3,19
1037,Demon Slayer: Kimetsu no Yaiba,2019,18+,86,1,1,0,0,1,3,19
1038,The Last Dance,2020,16+,86,1,0,0,0,1,3,19
1039,American Horror Story,2011,18+,86,1,1,1,0,1,1,19
1040,Elite,2018,18+,86,1,0,0,0,1,1,19
1041,BoJack Horseman,2014,18+,86,1,0,0,0,1,3,19
1042,Star Trek: The Next Generation,1987,7+,86,1,1,1,0,1,3,19
1043,Broadchurch,2013,18+,86,1,0,0,0,1,4,19
1044,The IT Crowd,2006,16+,86,1,0,0,0,1,3,19
1045,When They See Us,2019,18+,86,1,0,0,0,1,3,19
1046,"Love, Death & Robots",2019,18+,86,1,0,0,0,1,3,19
1047,Schitt's Creek,2015,16+,86,1,0,0,0,1,2,19
1048,Marvel's Agents of S.H.I.E.L.D.,2013,16+,86,1,0,0,0,1,3,19
1049,Never Have I Ever,2020,16+,86,1,0,0,0,1,4,19
1050,The 100,2014,16+,86,1,0,0,0,1,2,19
1051,American Crime Story,2016,18+,85,1,0,0,0,1,3,19
1052,The Last Kingdom,2015,18+,85,1,0,0,0,1,4,19
1053,The End of the F***ing World,2017,18+,85,1,0,0,0,1,2,19
1054,New Girl,2011,16+,85,1,0,0,0,1,2,19
1055,Penny Dreadful,2014,18+,85,1,0,1,0,1,4,19
1056,One Piece,1999,7+,85,1,1,0,0,1,3,19
1057,Marvel's The Punisher,2017,18+,85,1,0,0,0,1,3,19
1058,Evil,2019,18+,85,1,0,0,0,1,4,19
1059,YOU,2018,18+,85,1,0,0,0,1,2,19
1060,Sense8,2015,18+,84,1,0,0,0,1,4,19
1061,Making a Murderer,2015,16+,84,1,0,0,0,1,1,19
1062,Unbelievable,2019,18+,84,1,0,0,0,1,1,19
1063,Arrow,2012,16+,84,1,0,0,0,1,2,19
1064,Sex Education,2019,18+,84,1,0,0,0,1,1,19
1065,Marvel's Jessica Jones,2015,18+,84,1,0,0,0,1,4,19
1066,Sweet Tooth,2021,16+,84,1,0,0,0,1,4,19
1067,Good Girls,2018,16+,84,1,1,0,0,1,1,19
1068,Death Note,2006,16+,84,1,1,0,0,1,3,19
1069,Gilmore Girls,2000,16+,84,1,0,0,0,1,2,19
1070,The Legend of Korra,2012,7+,83,1,0,0,0,1,4,19
1071,How to Get Away with Murder,2014,16+,83,1,1,0,0,1,1,19
1072,Master of None,2015,18+,83,1,0,0,0,1,3,19
1073,Chappelle's Show,2003,18+,83,1,0,0,0,1,2,19
1074,One-Punch Man,2015,7+,83,1,1,0,0,1,1,19
1075,Downton Abbey,2010,16+,83,1,0,1,0,1,4,19
1076,Gotham,2014,16+,83,1,0,0,0,1,3,19
1077,Pose,2018,18+,83,1,0,0,0,1,4,19
1078,Bodyguard,2018,18+,83,1,0,0,0,1,3,19
1079,Altered Carbon,2018,18+,83,1,0,0,0,1,3,19
1080,Ash vs Evil Dead,2015,18+,83,1,0,0,0,1,3,19
1081,The Sinner,2017,16+,83,1,0,0,0,1,1,19
1082,Our Planet,2019,all,82,1,0,0,0,1,1,19
1083,Narcos: Mexico,2018,18+,82,1,0,0,0,1,4,19
1084,Shadow and Bone,2021,16+,82,1,0,0,0,1,1,19
1085,Castlevania,2017,18+,82,1,0,0,0,1,4,19
1086,Star Trek,1966,7+,82,1,1,1,0,1,3,19
1087,The Kominsky Method,2018,18+,82,1,0,0,0,1,2,19
1088,Hunter x Hunter,2011,16+,82,1,1,0,0,1,2,19
1089,Dead to Me,2019,18+,82,1,0,0,0,1,1,19
1090,The Haunting of Hill House,2018,18+,82,1,0,0,0,1,1,19
1091,Russian Doll,2019,18+,82,1,0,0,0,1,1,19
1092,Kingdom,2019,18+,82,1,1,0,0,1,2,19
1093,Neon Genesis Evangelion,1995,16+,82,1,0,0,0,1,4,19
1094,Naruto,2002,7+,81,1,1,0,0,1,4,19
1095,NCIS,2003,16+,81,1,0,0,0,1,3,19
1096,Manifest,2018,16+,81,1,1,0,0,1,2,19
1097,Halt and Catch Fire,2014,16+,81,1,0,0,0,1,1,19
1098,Monty Python's Flying Circus,1969,16+,81,1,0,0,0,1,2,19
1099,After Life,2019,18+,81,1,0,0,0,1,2,19
1100,Riverdale,2017,16+,81,1,1,0,0,1,4,19
1101,Big Mouth,2017,18+,81,1,0,0,0,1,1,19
1102,I Think You Should Leave with Tim Robinson,2019,18+,81,1,0,0,0,1,3,19
1103,Derry Girls,2018,16+,81,1,0,0,0,1,1,19
1104,The Promised Neverland,2019,18+,81,1,1,0,0,1,2,19
1105,Lost in Space,2018,7+,80,1,1,0,0,1,3,19
1106,Star Trek: Deep Space Nine,1993,7+,80,1,1,1,0,1,1,19
1107,Jane the Virgin,2014,16+,80,1,0,0,0,1,1,19
1108,Godless,2017,18+,80,1,0,0,0,1,1,19
1109,The OA,2016,18+,80,1,0,0,0,1,1,19
1110,DC's Legends of Tomorrow,2016,16+,80,1,0,0,0,1,2,19
1111,Sacred Games,2018,18+,80,1,0,0,0,1,1,19
1112,iZombie,2015,16+,80,1,0,0,0,1,4,19
1113,Longmire,2012,16+,80,1,0,0,0,1,2,19
1114,Happy Endings,2011,16+,80,1,1,0,0,1,1,19
1115,Into the Badlands,2015,16+,80,1,0,0,0,1,1,19
1116,The Originals,2013,16+,80,1,0,0,0,1,4,19
1117,Anne with an E,2017,all,80,1,0,0,0,1,2,19
1118,Grace and Frankie,2015,18+,80,1,0,0,0,1,2,19
1119,Chilling Adventures of Sabrina,2018,16+,80,1,0,0,0,1,1,19
1120,Queen of the South,2016,16+,79,1,0,0,0,1,1,19
1121,A Series of Unfortunate Events,2017,7+,79,1,0,0,0,1,4,19
1122,Bridgerton,2020,,79,1,0,0,0,1,3,19
1123,Unorthodox,2020,18+,79,1,0,0,0,1,3,19
1124,Stargate SG-1,1997,13+,79,1,1,0,0,1,2,19
1125,Outer Banks,2020,18+,79,1,0,0,0,1,1,19
1126,13 Reasons Why,2017,18+,79,1,0,0,0,1,2,19
1127,Unbreakable Kimmy Schmidt,2015,16+,79,1,0,0,0,1,3,19
1128,Marvel's Luke Cage,2016,18+,79,1,0,0,0,1,4,19
1129,GLOW,2017,18+,79,1,0,0,0,1,3,19
1130,Borgen,2010,18+,79,1,0,0,0,1,2,19
1131,The 4400,2004,7+,79,1,0,0,0,1,2,19
1132,Alias Grace,2017,18+,79,1,0,0,0,1,2,19
1133,All American,2018,16+,79,1,0,0,0,1,2,19
1134,Santa Clarita Diet,2017,18+,79,1,0,0,0,1,4,19
1135,Reign,2013,16+,78,1,0,0,0,1,1,19
1136,Maniac,2018,18+,78,1,0,0,0,1,1,19
1137,Dark Matter,2015,18+,78,1,0,1,0,1,2,19
1138,Star Trek: Voyager,1995,7+,78,1,1,1,0,1,4,19
1139,"Tiger King: Murder, Mayhem and Madness",2020,18+,78,1,0,0,0,1,1,19
1140,Call the Midwife,2012,16+,78,1,0,0,0,1,1,19
1141,Queer Eye,2018,16+,78,1,0,0,0,1,1,19
1142,American Vandal,2017,16+,78,1,0,0,0,1,4,19
1143,Wynonna Earp,2016,16+,78,1,0,0,0,1,3,19
1144,Marvel's The Defenders,2017,18+,78,1,0,0,0,1,3,19
1145,HAPPY!,2017,18+,77,1,0,0,0,1,1,19
1146,Haikyu!!,2014,16+,77,1,1,0,0,1,1,19
1147,Colony,2016,16+,77,1,0,0,0,1,1,19
1148,Heartland,2007,7+,77,1,0,1,0,1,3,19
1149,Alone,2015,16+,77,1,1,0,0,1,4,19
1150,Marco Polo,2014,18+,77,1,0,1,0,1,2,19
1151,Wild Wild Country,2018,16+,77,1,0,0,0,1,3,19
1152,The Dragon Prince,2018,7+,77,1,0,0,0,1,2,19
1153,Locke & Key,2020,16+,77,1,0,0,0,1,2,19
1154,Love,2016,18+,77,1,0,0,0,1,3,19
1155,One Day at a Time,2017,7+,77,1,0,0,0,1,1,19
1156,Feel Good,2020,18+,77,1,0,0,0,1,3,19
1157,Fauda,2015,16+,77,1,0,0,0,1,3,19
1158,The Dark Crystal: Age of Resistance,2019,7+,77,1,0,0,0,1,4,19
1159,Top Boy,2011,18+,77,1,0,0,0,1,3,19
1160,I Am Not Okay with This,2020,18+,77,1,0,0,0,1,4,19
1161,Supergirl,2015,16+,77,1,0,0,0,1,3,19
1162,The Shannara Chronicles,2016,16+,77,1,0,0,0,1,4,19
1163,Designated Survivor,2016,7+,77,1,0,0,0,1,1,19
1164,Travelers,2016,16+,77,1,0,0,0,1,1,19
1165,StartUp,2016,18+,77,1,0,0,0,1,2,19
1166,Ripper Street,2012,18+,77,1,0,0,0,1,4,19
1167,Episodes,2011,18+,77,1,0,0,0,1,4,19
1168,Crazy Ex-Girlfriend,2015,16+,76,1,0,0,0,1,2,19
1169,Bloodline,2015,18+,76,1,0,0,0,1,2,19
1170,Black Summer,2019,18+,76,1,0,0,0,1,4,19
1171,The Borgias,2011,18+,76,1,0,0,0,1,2,19
1172,Glee,2009,16+,76,1,0,1,0,1,3,19
1173,The Stranger,2020,18+,76,1,0,0,0,1,3,19
1174,Virgin River,2019,16+,76,1,0,0,0,1,3,19
1175,Lilyhammer,2012,18+,76,1,0,0,0,1,3,19
1176,Dirty John,2018,18+,76,1,0,0,0,1,3,19
1177,TURN: Washington's Spies,2014,16+,76,1,0,0,0,1,1,19
1178,Star Trek: Enterprise,2001,7+,76,1,1,1,0,1,3,19
1179,She-Ra and the Princesses of Power,2018,all,75,1,0,0,0,1,1,19
1180,Merlin,2008,7+,75,1,1,1,0,1,4,19
1181,The Magicians,2015,16+,75,1,0,0,0,1,2,19
1182,Ginny & Georgia,2021,16+,75,1,0,0,0,1,1,19
1183,The Spy,2019,18+,75,1,0,0,0,1,3,19
1184,On My Block,2018,16+,75,1,0,0,0,1,2,19
1185,The Movies That Made Us,2019,18+,75,1,0,0,0,1,1,19
1186,Chef's Table,2015,all,75,1,0,0,0,1,4,19
1187,Biohackers,2020,18+,75,1,0,0,0,1,1,19
1188,The Seven Deadly Sins,2014,16+,75,1,0,0,0,1,1,19
1189,The Keepers,2017,16+,75,1,0,0,0,1,1,19
1190,F is for Family,2015,18+,74,1,0,0,0,1,1,19
1191,The Midnight Gospel,2020,18+,74,1,0,0,0,1,1,19
1192,Ragnarok,2020,18+,74,1,0,1,0,1,3,19
1193,Legacies,2018,16+,74,1,0,0,0,1,2,19
1194,The Order,2019,18+,74,1,0,0,0,1,4,19
1195,Disenchantment,2018,16+,74,1,0,0,0,1,1,19
1196,Dead Set,2008,18+,74,1,0,0,0,1,4,19
1197,Dirty Money,2018,16+,74,1,0,0,0,1,3,19
1198,The Staircase,2005,16+,74,1,0,0,0,1,3,19
1199,Soul Eater,2008,16+,74,1,1,0,0,1,4,19
1200,Into the Night,2020,18+,74,1,0,0,0,1,2,19
1201,The Haunting of Bly Manor,2020,,74,1,0,0,0,1,4,19
1202,Julie and the Phantoms,2020,7+,74,1,0,0,0,1,3,19
1203,Leyla ile Mecnun,2011,7+,74,1,0,0,0,1,1,19
1204,Living with Yourself,2019,18+,74,1,0,0,0,1,1,19
1205,Young Royals,2021,,74,1,0,0,0,1,3,19
1206,Hilda,2018,7+,74,1,0,0,0,1,4,19
1207,The Mechanism,2018,18+,74,1,0,0,0,1,4,19
1208,ERASED,2016,16+,74,1,1,0,0,1,2,19
1209,Formula 1: Drive to Survive,2019,16+,74,1,0,0,0,1,3,19
1210,Don't F**k with Cats: Hunting an Internet Killer,2019,18+,74,1,0,0,0,1,4,19
1211,Kim's Convenience,2016,16+,73,1,0,0,0,1,3,19
1212,The Society,2019,18+,73,1,0,0,0,1,4,19
1213,Imposters,2017,16+,73,1,0,0,0,1,2,19
1214,Frequency,2016,7+,73,1,0,1,0,1,3,19
1215,Wentworth,2013,18+,73,1,0,0,0,1,2,19
1216,Marvel's Iron Fist,2017,18+,73,1,0,0,0,1,1,19
1217,Bleach,2004,18+,73,1,1,0,0,1,3,19
1218,Quantico,2015,16+,73,1,0,0,0,1,4,19
1219,Shooter,2016,16+,73,1,0,0,0,1,1,19
1220,Pok�mon,1997,7+,73,1,1,1,0,1,3,19
1221,Hollywood,2020,18+,73,1,0,0,0,1,1,19
1222,Madam Secretary,2014,16+,73,1,0,0,0,1,3,19
1223,Last Tango in Halifax,2012,16+,73,1,0,0,0,1,4,19
1224,Safe,2018,18+,73,1,1,0,0,1,2,19
1225,Resurrection: Ertugrul,2014,16+,73,1,0,0,0,1,4,19
1226,Versailles,2015,18+,73,1,0,0,0,1,1,19
1227,Sex/Life,2021,18+,73,1,0,0,0,1,1,19
1228,Fullmetal Alchemist,2003,16+,73,1,0,0,0,1,2,19
1229,Marianne,2019,18+,73,1,0,0,0,1,2,19
1230,Five Came Back,2017,16+,73,1,0,0,0,1,4,19
1231,Miraculous: Tales of Ladybug & Cat Noir,2015,7+,73,1,0,0,0,1,1,19
1232,Abstract: The Art of Design,2017,16+,73,1,0,0,0,1,2,19
1233,Teenage Bounty Hunters,2020,18+,72,1,0,0,0,1,1,19
1234,Documentary Now!,2015,18+,72,1,0,0,0,1,4,19
1235,Special,2019,18+,72,1,0,0,0,1,4,19
1236,JoJo's Bizarre Adventure,2012,18+,72,1,1,0,0,1,2,19
1237,Manhunt,2017,16+,72,1,0,0,0,1,4,19
1238,Your Lie in April,2014,7+,72,1,1,0,0,1,2,19
1239,Code Geass: Lelouch of the Rebellion,2006,18+,72,1,0,0,0,1,3,19
1240,Middleditch & Schwartz,2020,18+,72,1,0,0,0,1,4,19
1241,Zoo,2015,16+,72,1,0,0,0,1,3,19
1242,Jupiters Legacy,2021,18+,72,1,0,0,0,1,2,19
1243,Ratched,2020,18+,72,1,0,0,0,1,4,19
1244,Babylon Berlin,2017,18+,72,1,0,0,0,1,3,19
1245,Better Than Us,2018,,72,1,0,0,0,1,2,19
1246,Everything Sucks!,2018,16+,72,1,0,0,0,1,1,19
1247,Evil Genius,2018,18+,72,1,0,0,0,1,1,19
1248,Doctor Foster,2015,16+,72,1,0,0,0,1,1,19
1249,Marcella,2016,18+,72,1,0,0,0,1,3,19
1250,Survivor,2000,7+,72,1,1,1,0,1,4,19
1251,Derek,2013,7+,72,1,0,0,0,1,4,19
1252,Cosmos,2014,all,82,0,1,1,1,1,3,19
1253,Family Guy,1999,16+,82,0,1,0,0,1,3,19
1254,Cheers,1982,7+,82,0,1,1,0,1,4,19
1255,DAVE,2020,18+,82,0,1,0,0,1,2,19
1256,Misfits,2009,18+,81,0,1,0,0,1,4,19
1257,Peep Show,2003,18+,81,0,1,1,0,1,2,19
1258,Criminal Minds,2005,16+,81,0,1,0,0,1,3,19
1259,Superstore,2015,16+,81,0,1,0,0,1,3,19
1260,Lie to Me,2009,16+,81,0,1,0,0,1,1,19
1261,The Orville,2017,16+,80,0,1,0,0,1,4,19
1262,Preacher,2016,18+,80,0,1,1,0,1,2,19
1263,12 Monkeys,2015,16+,80,0,1,0,0,1,4,19
1264,Dirk Gently's Holistic Detective Agency,2016,16+,80,0,1,0,0,1,1,19
1265,Smallville,2001,7+,80,0,1,0,0,1,3,19
1266,RuPaul's Drag Race,2009,16+,80,0,1,0,0,1,1,19
1267,Fear the Walking Dead,2015,18+,80,0,1,0,0,1,4,19
1268,"Love, Victor",2020,16+,80,0,1,0,0,1,4,19
1269,Cowboy Bebop,1998,16+,80,0,1,0,0,1,1,19
1270,Blue Bloods,2010,16+,80,0,1,0,0,1,2,19
1271,Inside No. 9,2014,18+,80,0,1,0,0,1,4,19
1272,Parenthood,2010,7+,79,0,1,0,0,1,2,19
1273,Desperate Housewives,2004,7+,79,0,1,0,0,1,1,19
1274,Broad City,2014,18+,79,0,1,0,0,1,4,19
1275,Boston Legal,2004,16+,79,0,1,0,0,1,3,19
1276,Revenge,2011,18+,79,0,1,0,0,1,3,19
1277,Samurai Champloo,2004,18+,79,0,1,0,0,1,4,19
1278,Workaholics,2011,16+,79,0,1,1,0,1,1,19
1279,The Act,2019,18+,79,0,1,0,0,1,2,19
1280,The Fosters,2013,16+,79,0,1,1,0,1,2,19
1281,Younger,2015,16+,79,0,1,0,0,1,2,19
1282,The Good Doctor,2017,16+,79,0,1,0,0,1,2,19
1283,Terminator: The Sarah Connor Chronicles,2008,7+,79,0,1,0,0,1,1,19
1284,Angel,1999,7+,79,0,1,1,0,1,4,19
1285,09-01-2001,2018,16+,79,0,1,0,0,1,4,19
1286,Snowfall,2017,18+,78,0,1,0,0,1,1,19
1287,The Venture Bros.,2004,18+,78,0,1,0,0,1,3,19
1288,The Strain,2014,18+,78,0,1,0,0,1,2,19
1289,The Terror,2018,18+,78,0,1,1,0,1,2,19
1290,Zoey's Extraordinary Playlist,2020,16+,78,0,1,0,0,1,1,19
1291,The League,2009,18+,78,0,1,0,0,1,3,19
1292,Key & Peele,2012,18+,78,0,1,0,0,1,2,19
1293,Malcolm in the Middle,2000,7+,78,0,1,0,0,1,2,19
1294,Dollhouse,2009,16+,78,0,1,0,0,1,2,19
1295,This Way Up,2019,,78,0,1,0,0,1,4,19
1296,The Great,2020,18+,78,0,1,0,0,1,2,19
1297,My Name Is Earl,2005,16+,78,0,1,0,0,1,1,19
1298,Scandal,2012,16+,78,0,1,0,0,1,3,19
1299,Motherland: Fort Salem,2020,16+,78,0,1,0,0,1,2,19
1300,Awkward.,2011,16+,78,0,1,0,0,1,2,19
1301,Raising Hope,2010,16+,78,0,1,0,0,1,2,19
1302,Law & Order: Special Victims Unit,1999,16+,78,0,1,0,0,1,2,19
1303,Castle Rock,2018,18+,77,0,1,0,0,1,2,19
1304,The Last Ship,2014,16+,77,0,1,0,0,1,2,19
1305,Cruel Summer,2021,16+,77,0,1,1,0,1,3,19
1306,Chicago Fire,2012,16+,77,0,1,0,0,1,4,19
1307,Better Off Ted,2009,7+,77,0,1,0,0,1,1,19
1308,Prodigal Son,2019,16+,77,0,1,0,0,1,2,19
1309,Timeless,2016,7+,77,0,1,0,0,1,2,19
1310,Devs,2020,18+,77,0,1,0,0,1,2,19
1311,You're the Worst,2014,18+,77,0,1,0,0,1,4,19
1312,Elfen Lied,2004,18+,77,0,1,1,0,1,4,19
1313,Please Like Me,2013,18+,77,0,1,0,0,1,3,19
1314,Lethal Weapon,2016,16+,77,0,1,0,0,1,3,19
1315,The Last Man on Earth,2015,16+,77,0,1,0,0,1,3,19
1316,TRIGUN,1998,16+,77,0,1,0,0,1,4,19
1317,My So-Called Life,1994,16+,76,0,1,0,0,1,3,19
1318,Little Fires Everywhere,2020,18+,76,0,1,0,0,1,4,19
1319,The Librarians,2014,16+,76,0,1,0,0,1,4,19
1320,In the Flesh,2013,18+,76,0,1,0,0,1,1,19
1321,The Exorcist,2016,16+,76,0,1,0,0,1,2,19
1322,American Dad!,2005,16+,76,0,1,0,0,1,4,19
1323,Ramy,2019,18+,76,0,1,0,0,1,2,19
1324,Chicago P.D.,2014,16+,76,0,1,0,0,1,3,19
1325,Stargate Atlantis,2004,7+,76,0,1,1,0,1,1,19
1326,Marvel's Runaways,2017,16+,76,0,1,0,1,1,4,19
1327,Rescue Me,2004,18+,76,0,1,0,0,1,4,19
1328,Shadowhunters,2016,16+,76,0,1,0,0,1,3,19
1329,Everybody Hates Chris,2005,7+,76,0,1,0,0,1,1,19
1331,Stargate Universe,2009,16+,76,0,1,0,0,1,4,19
1332,PEN15,2019,18+,76,0,1,0,0,1,3,19
1333,My Mad Fat Diary,2013,16+,76,0,1,0,0,1,3,19
1334,RuPaul's Drag Race All Stars,2012,16+,76,0,1,0,0,1,1,19
1335,The Gifted,2017,16+,75,0,1,0,0,1,1,19
1336,Future Man,2017,18+,75,0,1,0,0,1,2,19
1337,Prime Suspect,1991,18+,75,0,1,0,0,1,4,19
1338,Better Things,2016,18+,75,0,1,0,0,1,3,19
1339,Sleepy Hollow,2013,16+,75,0,1,0,0,1,1,19
1340,Regular Show,2010,7+,75,0,1,0,0,1,2,19
1341,M*A*S*H,1972,7+,75,0,1,0,0,1,4,19
1342,Top of the Lake,2013,18+,75,0,1,0,0,1,4,19
1343,Switched at Birth,2011,16+,75,0,1,0,0,1,2,19
1344,Wayward Pines,2015,16+,75,0,1,0,0,1,4,19
1345,Saturday Night Live,1975,16+,75,0,1,0,0,1,2,19
1346,Staged,2020,,75,0,1,0,0,1,2,19
1347,Dragon Ball Super,2015,7+,75,0,1,0,0,1,2,19
1348,Fresh Off the Boat,2015,7+,75,0,1,0,0,1,1,19
1349,The Mighty Boosh,2004,16+,75,0,1,0,0,1,2,19
1350,Cardinal,2017,18+,74,0,1,0,0,1,4,19
1351,Absolutely Fabulous,1992,16+,74,0,1,0,0,1,4,19
1352,Letterkenny,2016,18+,74,0,1,0,0,1,1,19
1353,Scream Queens,2015,16+,74,0,1,0,0,1,1,19
1354,Wilfred,2011,18+,74,0,1,0,0,1,3,19
1355,Deutschland,2015,18+,74,0,1,0,0,1,2,19
1356,Empire,2015,16+,74,0,1,0,0,1,4,19
1357,Brockmire,2017,18+,74,0,1,0,0,1,4,19
1358,The Unit,2006,16+,74,0,1,0,0,1,1,19
1359,Genius,2017,16+,74,1,1,1,1,1,3,19
1360,Mayans M.C.,2018,18+,74,0,1,0,0,1,3,19
1361,black-ish,2014,16+,74,0,1,0,0,1,1,19
1362,CSI: Crime Scene Investigation,2000,16+,74,0,1,0,0,1,3,19
1363,Tokyo Ghoul,2014,16+,74,0,1,0,0,1,4,19
1364,MythBusters,2003,7+,74,0,1,0,0,1,4,19
1365,Don't Trust the B---- in Apartment 23,2012,16+,74,0,1,0,0,1,2,19
1366,Sailor Moon,1992,16+,74,0,1,0,0,1,3,19
1367,One Tree Hill,2003,16+,74,0,1,0,0,1,4,19
1368,Nip/Tuck,2003,18+,74,0,1,0,0,1,2,19
1369,Looking for Alaska,2019,18+,74,0,1,0,0,1,4,19
1370,New Amsterdam,2018,16+,74,0,1,0,0,1,4,19
1371,The Golden Girls,1985,7+,74,0,1,0,0,1,3,19
1372,Cougar Town,2009,7+,73,0,1,1,0,1,4,19
1373,The Purge,2018,18+,73,0,1,0,0,1,1,19
1374,Catch-22,2019,18+,73,0,1,1,0,1,1,19
1375,The Rookie,2018,16+,73,0,1,0,1,1,1,19
1376,Married... with Children,1987,7+,73,0,1,0,0,1,4,19
1377,The Looming Tower,2018,18+,73,0,1,0,0,1,1,19
1378,Blindspot,2015,16+,73,0,1,0,0,1,3,19
1379,Steven Universe,2013,7+,73,0,1,0,0,1,1,19
1380,Nashville,2012,7+,73,0,1,0,0,1,4,19
1381,Salem,2014,18+,73,0,1,0,0,1,2,19
1382,The Mindy Project,2012,7+,73,0,1,0,0,1,1,19
1383,Mrs. America,2020,18+,73,0,1,0,0,1,3,19
1384,The Middle,2009,7+,73,0,1,0,0,1,3,19
1385,Roseanne,1988,7+,73,0,1,1,0,1,1,19
1386,Black Clover,2017,16+,73,0,1,0,0,1,3,19
1387,Witches of East End,2013,16+,73,0,1,0,0,1,1,19
1388,Whitechapel,2009,7+,73,0,1,0,0,1,1,19
1390,Stumptown,2019,16+,73,0,1,0,0,1,1,19
1391,I Love Lucy,1951,all,72,0,1,0,0,1,3,19
1392,Harlots,2017,18+,72,0,1,0,0,1,2,19
1393,UnREAL,2015,16+,72,0,1,0,0,1,2,19
1394,The Wonder Years,1988,7+,72,0,1,0,0,1,3,19
1395,Graceland,2013,16+,72,0,1,0,0,1,3,19
1396,Anthony Bourdain: No Reservations,2005,7+,72,0,1,0,0,1,3,19
1397,Ugly Betty,2006,7+,72,0,1,0,0,1,4,19
1398,Marvel's Cloak & Dagger,2018,16+,72,0,1,0,0,1,2,19
1399,The Bold Type,2017,16+,72,0,1,0,0,1,3,19
1400,The Resident,2018,16+,72,0,1,1,0,1,1,19
1401,Dragon Ball,1996,16+,72,0,1,0,0,1,4,19
1402,The Goldbergs,2013,7+,72,0,1,0,0,1,4,19
1403,Terriers,2010,18+,72,0,1,0,0,1,1,19
1404,American Horror Stories,2021,18+,72,0,1,0,0,1,4,19
1405,ER,1994,16+,72,0,1,0,0,1,3,19
1406,Fairy Tail,2009,16+,72,0,1,0,0,1,3,19
1407,Bunheads,2012,16+,72,0,1,0,0,1,3,19
1408,High Fidelity,2020,18+,72,0,1,0,0,1,2,19
1409,Horace and Pete,2016,18+,72,0,1,0,0,1,3,19
1410,The Amazing World of Gumball,2011,7+,71,0,1,0,0,1,1,19
1411,Blackadder,1983,7+,71,0,1,1,0,1,1,19
1412,Hell's Kitchen,2005,16+,71,0,1,1,0,1,3,19
1413,Robot Chicken,2005,18+,71,0,1,0,0,1,2,19
1414,People of Earth,2016,18+,71,0,1,0,0,1,4,19
1415,Boruto: Naruto Next Generations,2017,16+,71,0,1,0,0,1,4,19
1416,The Musketeers,2014,16+,71,0,1,0,0,1,3,19
1418,Sesame Street,1969,all,71,0,1,1,0,1,4,19
1419,Shrill,2019,18+,71,0,1,0,0,1,2,19
1420,LEGO Masters,2020,7+,71,0,1,0,0,1,1,19
1421,Good Behavior,2016,18+,71,0,1,0,0,1,2,19
1422,Murdoch Mysteries,2008,7+,71,0,1,0,0,1,3,19
1423,Full House,1987,all,71,0,1,0,0,1,1,19
1424,Mom,2013,16+,71,1,1,0,0,1,3,19
1425,Will & Grace,1998,16+,71,0,1,0,0,1,2,19
1426,King of the Hill,1997,7+,71,0,1,0,0,1,2,19
1427,Doc Martin,2004,7+,71,0,1,0,0,1,4,19
1428,Impractical Jokers,2011,16+,71,0,1,0,0,1,1,19
1429,Debris,2021,16+,71,0,1,0,0,1,1,19
1430,Solar Opposites,2020,18+,70,0,1,0,0,1,4,19
1431,Trust,2018,18+,70,0,1,0,0,1,4,19
1432,SIX,2017,18+,70,0,1,0,0,1,2,19
1433,Last Man Standing,2011,7+,70,0,1,0,0,1,3,19
1434,Body of Proof,2011,16+,70,0,1,0,0,1,3,19
1435,The Hitchhiker's Guide to the Galaxy,1981,7+,70,0,1,1,0,1,3,19
1436,Afro Samurai,2007,18+,70,0,1,0,0,1,1,19
1437,S.W.A.T.,2017,16+,70,0,1,0,0,1,4,19
1438,A Million Little Things,2018,16+,70,0,1,0,0,1,3,19
1439,For Life,2020,16+,70,0,1,0,0,1,1,19
1440,Battlestar Galactica,1978,7+,70,0,1,0,0,1,2,19
1441,Alfred Hitchcock Presents,1955,16+,70,0,1,0,0,1,1,19
1442,Flashpoint,2008,16+,70,0,1,1,0,1,4,19
1443,The Detour,2016,18+,70,0,1,0,0,1,2,19
1444,Greek,2007,16+,70,0,1,0,0,1,1,19
1445,Casual,2015,18+,70,0,1,0,0,1,1,19
1446,Mary Kills People,2017,18+,70,0,1,0,0,1,4,19
1447,Mushi-Shi,2005,16+,70,0,1,1,0,1,1,19
1448,Baskets,2016,18+,70,0,1,0,0,1,3,19
1449,Touch,2012,16+,70,0,1,1,0,1,4,19
1450,Rurouni Kenshin,1996,16+,70,0,1,1,0,1,3,19
1451,Big Sky,2020,16+,70,0,1,1,0,1,1,19
1452,The Wrong Mans,2013,18+,70,0,1,0,0,1,3,19
1453,Chance,2016,18+,69,0,1,0,0,1,1,19
1454,The Split,2018,18+,69,0,1,0,0,1,3,19
1455,Make It or Break It,2009,16+,69,0,1,0,0,1,1,19
1456,Das Boot,2018,18+,69,0,1,0,0,1,3,19
1457,Legit,2013,18+,69,0,1,0,0,1,4,19
1458,Breeders,2020,18+,69,0,1,0,0,1,3,19
1459,Queen Sugar,2016,16+,69,0,1,0,0,1,3,19
1460,Drake & Josh,2004,all,69,0,1,0,0,1,3,19
1461,MasterChef,2010,16+,69,0,1,0,0,1,2,19
1462,Young Rock,2021,16+,69,0,1,0,0,1,1,19
1463,The Eric Andre Show,2012,18+,69,0,1,0,0,1,3,19
1464,Animaniacs,1993,all,69,0,1,0,0,1,1,19
1465,Man Seeking Woman,2015,18+,69,0,1,0,0,1,4,19
1466,Pretty Little Liars: The Perfectionists,2019,16+,69,0,1,0,0,1,1,19
1467,Yu Yu Hakusho,1992,16+,69,0,1,0,0,1,3,19
1468,Brassic,2019,,69,0,1,0,0,1,1,19
1469,Lodge 49,2018,16+,69,0,1,0,0,1,4,19
1470,I Am the Night,2019,18+,69,0,1,0,0,1,1,19
1471,Hey Arnold!,1996,all,69,0,1,0,0,1,1,19
1472,NOS4A2,2019,16+,69,0,1,0,0,1,4,19
1473,The Glades,2010,16+,69,0,1,0,0,1,1,19
1474,The Bridge,2013,18+,69,1,1,0,0,1,1,19
1475,Underground,2016,18+,69,0,1,1,0,1,2,19
1476,A Teacher,2020,18+,69,0,1,0,0,1,3,19
1477,Danny Phantom,2004,7+,69,0,1,0,0,1,1,19
1478,Sliders,1995,7+,69,0,1,0,0,1,2,19
1479,30 for 30,2009,7+,69,0,1,0,0,1,1,19
1480,Life in Pieces,2015,16+,69,0,1,1,0,1,3,19
1481,The Amazing Race,2001,7+,68,0,1,1,0,1,4,19
1482,Pitch,2016,16+,68,0,1,0,0,1,2,19
1483,Numb3rs,2005,7+,68,0,1,0,0,1,3,19
1484,Roswell,1999,16+,68,0,1,0,0,1,1,19
1485,Tyrant,2014,18+,68,0,1,0,0,1,4,19
1486,Legends,2014,16+,68,0,1,0,0,1,2,19
1487,Angie Tribeca,2016,16+,68,0,1,0,0,1,2,19
1488,FLCL,2000,18+,68,0,1,0,0,1,3,19
1489,Rugrats,1991,all,68,0,1,0,0,1,1,19
1490,Fosse/Verdon,2019,18+,68,0,1,0,0,1,1,19
1491,Assassination Classroom,2015,16+,68,0,1,0,0,1,4,19
1492,Top Chef,2006,16+,68,0,1,0,0,1,1,19
1493,Ghost Whisperer,2005,7+,68,0,1,1,0,1,1,19
1494,Darker than Black,2007,16+,68,0,1,1,0,1,4,19
1495,Kaguya-sama: Love is War,2019,16+,68,0,1,0,0,1,1,19
1496,Ally McBeal,1997,16+,68,0,1,0,0,1,1,19
1497,Everything's Gonna Be Okay,2020,16+,68,0,1,0,0,1,2,19
1498,Psycho-Pass,2012,18+,68,0,1,1,0,1,2,19
1499,The Powerpuff Girls,1998,7+,68,0,1,0,0,1,2,19
1500,"Beverly Hills, 90210",1990,16+,68,0,1,0,0,1,2,19
1501,"McCartney 3,2,1",2021,,68,0,1,0,0,1,4,19
1502,Friday Night Dinner,2011,18+,68,0,1,0,0,1,1,19
1503,Wu-Tang: An American Saga,2019,18+,68,0,1,0,0,1,3,19
1504,Hellsing Ultimate,2006,18+,68,0,1,0,0,1,4,19
1505,The Boys,2019,18+,93,0,0,1,0,1,4,19
1506,Dexter,2006,18+,92,0,0,1,0,1,1,19
1507,House,2004,16+,92,0,0,1,0,1,3,19
1508,Mr. Robot,2015,18+,91,0,0,1,0,1,4,19
1509,The Expanse,2015,16+,90,0,0,1,0,1,4,19
1510,Bosch,2015,18+,88,0,0,1,0,1,3,19
1511,Invincible,2021,18+,88,0,0,1,1,1,4,19
1512,Fleabag,2016,18+,88,0,0,1,0,1,3,19
1513,The Americans,2013,18+,87,0,0,1,0,1,3,19
1514,Billions,2016,18+,87,0,0,1,0,1,3,19
1515,The Marvelous Mrs. Maisel,2017,18+,86,0,0,1,0,1,1,19
1516,Psych,2006,7+,86,0,0,1,0,1,3,19
1517,The Night Manager,2016,16+,86,0,0,1,0,1,2,19
1518,Unforgotten,2018,18+,85,0,0,1,0,1,1,19
1519,Orphan Black,2013,18+,85,0,0,1,0,1,1,19
1520,Chuck,2007,16+,85,0,1,1,0,1,4,19
1521,The Fall,2013,18+,85,0,0,1,0,1,3,19
1522,Tom Clancy's Jack Ryan,2018,18+,84,0,0,1,0,1,4,19
1523,The Pacific,2010,18+,83,0,0,1,0,1,2,19
1524,Good Omens,2019,18+,83,0,0,1,0,1,1,19
1525,The Man in the High Castle,2015,18+,83,0,0,1,0,1,2,19
1526,Grimm,2011,16+,83,0,0,1,0,1,2,19
1527,The Family Man,2019,16+,83,0,0,1,0,1,2,19
1528,Upload,2020,18+,82,0,0,1,0,1,2,19
1529,Counterpart,2017,18+,82,0,0,1,0,1,2,19
1530,Monk,2002,16+,81,0,0,1,0,1,4,19
1531,The Grand Tour,2016,16+,81,0,0,1,0,1,4,19
1532,Black Books,2000,7+,81,0,0,1,0,1,4,19
1533,Californication,2007,18+,81,0,0,1,0,1,1,19
1534,Eureka,2006,16+,81,0,0,1,0,1,1,19
1535,Animal Kingdom,2016,18+,80,0,0,1,0,1,1,19
1536,Humans,2015,16+,80,0,0,1,0,1,3,19
1537,Endeavour,2013,16+,80,0,0,1,0,1,1,19
1538,Alias,2001,16+,80,0,0,1,0,1,1,19
1539,The Missing,2014,18+,80,0,0,1,0,1,1,19
1540,Sneaky Pete,2015,18+,79,0,0,1,0,1,3,19
1541,Father Ted,1995,16+,79,0,0,1,0,1,3,19
1542,The Mentalist,2008,16+,79,0,0,1,0,1,2,19
1543,The Thick of It,2005,18+,79,0,0,1,0,1,4,19
1544,The Lost Room,2006,7+,79,0,0,1,0,1,4,19
1545,River,2015,7+,79,0,0,1,0,1,3,19
1546,The Affair,2014,18+,78,0,0,1,0,1,2,19
1547,Undone,2019,18+,78,0,0,1,0,1,4,19
1548,Poldark,2015,16+,78,0,0,1,0,1,2,19
1549,Carnival Row,2019,18+,78,0,0,1,0,1,1,19
1550,Wayne,2019,18+,78,0,0,1,0,1,3,19
1551,Farscape,1999,16+,78,0,0,1,0,1,1,19
1552,Victoria,2016,16+,78,0,0,1,0,1,2,19
1553,Goliath,2016,16+,77,0,0,1,0,1,2,19
1554,Catastrophe,2015,18+,77,0,0,1,0,1,4,19
1555,Hanna,2019,18+,77,0,0,1,0,1,3,19
1556,SpongeBob SquarePants,1999,7+,77,0,0,1,0,1,1,19
1557,Extras,2005,18+,77,0,0,1,0,1,3,19
1558,Two and a Half Men,2003,16+,77,0,0,1,0,1,1,19
1559,Escape at Dannemora,2018,18+,77,0,0,1,0,1,4,19
1560,Patriot,2015,18+,77,0,0,1,0,1,3,19
1561,Modern Love,2019,18+,76,0,0,1,0,1,1,19
1562,Clarkson's Farm,2021,7+,76,0,0,1,0,1,2,19
1563,Gavin & Stacey,2007,16+,75,0,0,1,0,1,3,19
1564,Homecoming,2018,18+,74,0,0,1,0,1,1,19
1565,City on a Hill,2019,18+,74,0,0,1,0,1,1,19
1566,Patrick Melrose,2018,18+,74,0,0,1,0,1,4,19
1567,Queer as Folk,1999,18+,74,0,0,1,0,1,2,19
1568,Flack,2019,16+,74,0,0,1,0,1,2,19
1569,Mozart in the Jungle,2014,18+,74,0,0,1,0,1,2,19
1570,The Tick,2016,7+,74,0,0,1,0,1,3,19
1571,Tales from the Loop,2020,18+,72,0,0,1,0,1,4,19
1572,Fortitude,2015,18+,72,0,0,1,0,1,2,19
1573,The Tunnel,2013,18+,72,0,0,1,0,1,2,19
1574,The Wilds,2020,16+,72,0,0,1,0,1,2,19
1575,A Very English Scandal,2018,16+,72,0,0,1,0,1,2,19
1576,Salvation,2017,16+,72,0,0,1,0,1,2,19
1577,The Underground Railroad,2021,18+,72,0,0,1,0,1,2,19
1578,Red Oaks,2014,18+,72,0,0,1,0,1,4,19
1579,Tell Me Your Secrets,2021,18+,72,0,0,1,0,1,3,19
1580,Transparent,2014,18+,72,0,0,1,0,1,2,19
1581,Loudermilk,2017,18+,72,0,0,1,0,1,3,19
1582,Britannia,2018,16+,72,0,0,1,0,1,1,19
1583,ZeroZeroZero,2020,18+,71,0,0,1,0,1,3,19
1584,Philip K. Dick's Electric Dreams,2017,18+,71,0,0,1,0,1,2,19
1585,Vinland Saga,2019,,71,0,0,1,0,1,3,19
1586,Truth Seekers,2020,16+,71,0,0,1,0,1,4,19
1587,"Magnum, P.I.",1980,7+,70,0,0,1,0,1,1,19
1588,Hunters,2020,18+,70,0,0,1,0,1,1,19
1589,"Eerie, Indiana",1991,7+,70,0,0,1,0,1,4,19
1590,The Andy Griffith Show,1960,all,70,0,0,1,0,1,4,19
1591,Mirzapur,2018,18+,69,0,0,1,0,1,1,19
1592,Sanctuary,2008,7+,69,0,0,1,0,1,3,19
1593,Them,2021,,69,0,0,1,0,1,1,19
1594,Detectorists,2014,16+,69,0,0,1,0,1,3,19
1595,Tin Star,2017,18+,69,0,0,1,0,1,2,19
1596,The Durrells,2016,7+,69,0,0,1,0,1,2,19
1597,Ordeal by Innocence,2018,,69,0,0,1,0,1,3,19
1598,Get Shorty,2017,18+,69,0,0,1,0,1,1,19
1599,Thirteen,2016,18+,69,0,0,1,0,1,2,19
1600,The Returned,2015,18+,68,0,0,1,0,1,1,19
1601,Trapped,2015,7+,68,0,0,1,0,1,4,19
1602,ALF,1986,all,68,0,0,1,0,1,1,19
1603,Informer,2018,18+,68,0,0,1,0,1,3,19
1604,Alex Rider,2020,16+,68,0,0,1,0,1,3,19
1605,Jesus of Nazareth,1977,7+,68,0,0,1,0,1,2,19
1606,The Cosby Show,1984,all,68,0,0,1,0,1,2,19
1607,Absentia,2017,18+,67,0,0,1,0,1,2,19
1608,Grantchester,2014,16+,67,0,0,1,0,1,1,19
1609,The Men Who Built America,2012,7+,67,0,0,1,0,1,4,19
1610,Too Old to Die Young,2019,18+,67,0,0,1,0,1,1,19
1611,Forever,2018,18+,67,0,0,1,0,1,2,19
1612,Dororo,2019,18+,67,0,0,1,0,1,4,19
1613,Good Girls Revolt,2015,18+,67,0,0,1,0,1,4,19
1614,Secret Diary of a Call Girl,2007,18+,67,0,0,1,0,1,1,19
1615,Mad Dogs,2015,18+,67,0,0,1,0,1,2,19
1616,Home Fires,2015,7+,66,0,0,1,0,1,1,19
1617,Jean-Claude Van Johnson,2016,7+,66,0,0,1,0,1,3,19
1618,The Honeymooners,1952,all,66,0,0,1,0,1,3,19
1619,Isabel,2012,7+,66,0,0,1,0,1,1,19
1620,Vanity Fair,2018,7+,66,0,0,1,0,1,2,19
1621,Lewis,2007,16+,66,0,0,1,0,1,2,19
1622,Mad About You,1992,16+,66,0,0,1,0,1,1,19
1623,How the Universe Works,2010,7+,66,0,0,1,0,1,1,19
1624,Mister Rogers' Neighborhood,1968,all,65,0,0,1,0,1,1,19
1625,Made In Abyss,2017,18+,65,0,0,1,0,1,3,19
1626,Hand of God,2014,7+,65,0,0,1,0,1,1,19
1627,Silent Witness,1996,16+,65,0,0,1,0,1,3,19
1628,Arthur,1996,7+,65,0,0,1,0,1,4,19
1629,The Carol Burnett Show,1967,all,65,0,0,1,0,1,1,19
1630,Howards End,2017,7+,64,1,0,1,0,1,2,19
1631,Wildfire,2005,16+,64,0,0,1,0,1,3,19
1632,A Gifted Man,2011,7+,64,0,0,1,0,1,1,19
1633,Dance Academy,2010,16+,64,0,0,1,0,1,1,19
1634,Making the Cut,2020,16+,64,0,0,1,0,1,2,19
1635,Man vs. Wild,2006,7+,64,0,0,1,0,1,3,19
1636,Breaking In,2011,16+,64,0,0,1,0,1,2,19
1637,Bottom,1991,18+,64,0,0,1,0,1,3,19
1638,Paatal Lok,2020,18+,64,0,0,1,0,1,3,19
1639,Alpha House,2013,16+,64,0,0,1,0,1,2,19
1640,NOVA,1974,7+,64,0,0,1,0,1,4,19
1641,Hustle,2006,16+,64,0,0,1,0,1,4,19
1642,Doctor Thorne,2016,16+,64,0,0,1,0,1,1,19
1643,The Royals,2015,16+,64,0,0,1,0,1,4,19
1644,Fresh Meat,2011,18+,64,0,0,1,0,1,1,19
1645,The League of Gentlemen,1999,18+,64,0,0,1,0,1,4,19
1646,American Experience,1988,7+,64,0,0,1,0,1,4,19
1647,4 Blocks,2017,7+,64,0,0,1,0,1,2,19
1648,The A Word,2016,18+,63,0,0,1,0,1,2,19
1649,Small Axe,2020,18+,63,0,0,1,0,1,4,19
1650,Breathe,2018,18+,63,0,0,1,0,1,3,19
1651,Panic,2021,16+,63,0,0,1,0,1,3,19
1652,Survivorman,2004,7+,63,0,0,1,0,1,2,19
1653,Utopia,2020,,63,0,0,1,0,1,1,19
1654,Banana Fish,2018,,63,0,0,1,0,1,2,19
1655,Sonic the Hedgehog,1993,7+,63,0,1,1,0,1,4,19
1656,Mission: Impossible,1966,7+,63,0,0,1,0,1,2,19
1657,The Storyteller,1988,,62,0,0,1,0,1,2,19
1658,Between Two Ferns with Zach Galifianakis,2008,16+,62,0,0,1,0,1,1,19
1659,Guilt,2016,16+,62,0,0,1,0,1,4,19
1660,Grounded for Life,2001,16+,62,0,0,1,0,1,2,19
1661,The Last Tycoon,2016,7+,62,0,0,1,0,1,1,19
1662,Lore,2017,16+,62,0,0,1,0,1,3,19
1663,Cops,1989,18+,62,0,0,1,0,1,1,19
1664,Survivor's Remorse,2014,18+,62,0,0,1,0,1,1,19
1665,Comrade Detective,2017,18+,62,0,0,1,0,1,4,19
1666,A Bit of Fry and Laurie,1989,16+,62,0,0,1,0,1,4,19
1667,Wolfblood,2013,7+,62,0,0,1,0,1,3,19
1668,Neverland,2011,7+,62,0,0,1,0,1,3,19
1669,Just Add Magic,2015,7+,62,0,0,1,0,1,4,19
1670,Malgudi Days,1987,all,62,0,0,1,0,1,2,19
1671,Dark Shadows,1966,7+,62,0,0,1,0,1,2,19
1672,The Widow,2019,18+,61,0,0,1,0,1,1,19
1673,El Cid,2020,16+,61,0,0,1,0,1,1,19
1674,All or Nothing: Manchester City,2018,all,61,0,0,1,0,1,2,19
1675,Totally Spies!,2001,7+,61,0,0,1,0,1,4,19
1676,Underbelly,2008,18+,61,0,0,1,0,1,2,19
1677,Our Girl,2014,16+,61,0,0,1,0,1,2,19
1678,DOM,2021,,61,0,0,1,0,1,1,19
1679,Reading Rainbow,1983,all,61,0,0,1,0,1,3,19
1680,"Kill Me, Heal Me",2015,16+,61,0,0,1,0,1,2,19
1681,Ted Bundy: Falling for a Killer,2020,18+,61,0,0,1,0,1,4,19
1682,"Dr. Quinn, Medicine Woman",1993,7+,60,0,0,1,0,1,2,19
1683,Z: The Beginning of Everything,2017,7+,60,0,0,1,0,1,1,19
1684,The Romanoffs,2018,18+,60,0,0,1,0,1,3,19
1685,Republic of Doyle,2010,16+,60,0,0,1,0,1,1,19
1686,Inside Edge,2017,18+,60,0,0,1,0,1,2,19
1687,The Feed,2019,16+,60,0,0,1,0,1,3,19
1688,The Last Post,2017,18+,60,0,0,1,0,1,2,19
1689,I Shouldn't Be Alive,2005,7+,60,0,0,1,0,1,3,19
1690,A French Village,2009,,60,0,0,1,0,1,2,19
1691,Halo 4: Forward Unto Dawn,2012,16+,60,0,0,1,0,1,2,19
1692,Four More Shots Please,2019,18+,60,0,0,1,0,1,2,19
1693,James May: Our Man In Japan,2020,,60,0,0,1,0,1,4,19
1694,The Lost World,1999,7+,60,0,0,1,0,1,4,19
1695,All or Nothing: Tottenham Hotspur,2020,16+,59,0,0,1,0,1,1,19
1696,All or Nothing,2016,18+,59,0,0,1,0,1,3,19
1697,Appropriate Adult,2011,18+,59,0,0,1,0,1,4,19
1698,Mr. Bean: The Animated Series,2002,all,59,0,0,1,0,1,4,19
1699,Picnic at Hanging Rock,2018,16+,59,0,0,1,0,1,4,19
1700,Frontline,1983,18+,59,0,0,1,0,1,1,19
1701,Little Women,2017,7+,59,0,0,1,0,1,3,19
1702,Solos,2021,,59,0,0,1,0,1,2,19
1703,Earth: Final Conflict,1997,7+,59,0,0,1,0,1,2,19
1704,The ABC Murders,2018,16+,59,0,0,1,0,1,4,19
1705,Indian Summers,2015,7+,59,0,0,1,0,1,3,19
1706,Sea Patrol,2007,7+,59,0,0,1,0,1,2,19
1707,Inside Men,2012,16+,59,0,0,1,0,1,3,19
1708,The Backyardigans,2004,7+,59,0,0,1,0,1,3,19
1709,ReGenesis,2004,18+,59,0,0,1,0,1,3,19
1710,Ghost Hunters,2004,7+,59,0,0,1,0,1,2,19
1711,September Mornings,2021,,59,0,0,1,0,1,1,19
1712,Blood & Treasure,2019,16+,58,0,0,1,0,1,3,19
1713,Betas,2013,18+,58,0,0,1,0,1,3,19
1714,The Test: A New Era For Australia's Team,2020,16+,58,0,0,1,0,1,2,19
1715,Falling Water,2016,16+,58,0,0,1,0,1,2,19
1716,Made in Heaven,2019,18+,58,0,0,1,0,1,2,19
1717,Hunting Hitler,2015,16+,58,0,0,1,0,1,3,19
1718,A Different World,1987,7+,58,0,0,1,0,1,4,19
1719,Wotakoi: Love is Hard for Otaku,2018,16+,58,0,0,1,0,1,1,19
1720,Laakhon Mein Ek,2017,16+,58,0,0,1,0,1,3,19
1721,Dilbert,1999,7+,58,0,0,1,0,1,2,19
1722,Time Team,1994,all,57,0,0,1,0,1,2,19
1723,Cagney & Lacey,1982,7+,57,0,0,1,0,1,4,19
1724,Paradise City,2021,,57,0,0,1,0,1,2,19
1726,Cyberchase,2002,all,57,0,0,1,0,1,3,19
1727,The Pale Horse,2020,all,57,0,0,1,0,1,2,19
1728,Wild Kratts,2011,all,57,0,0,1,0,1,3,19
1729,Pingu,1986,all,57,0,0,1,0,1,4,19
1730,Breathe: Into the Shadows,2020,,57,0,0,1,0,1,1,19
1731,Bubble Guppies,2011,all,57,0,0,1,0,1,4,19
1732,Clifford the Big Red Dog,2000,all,57,0,0,1,0,1,3,19
1734,The Reagans,2020,7+,57,0,0,1,0,1,3,19
1735,Inazuma Eleven,2008,7+,57,0,0,1,0,1,4,19
1736,Drifters,2013,18+,57,0,0,1,0,1,3,19
1737,Touching Evil,1997,,57,0,0,1,0,1,1,19
1738,Thunderbirds,1965,7+,56,0,0,1,0,1,2,19
1739,Thriller,1960,,56,1,0,1,0,1,3,19
1740,Gortimer Gibbon's Life on Normal Street,2014,all,56,0,0,1,0,1,3,19
1741,The Bernie Mac Show,2001,7+,56,0,0,1,0,1,1,19
1742,Dr. G: Medical Examiner,2004,16+,56,0,0,1,0,1,1,19
1743,David Copperfield,1999,7+,56,0,0,1,0,1,1,19
1744,Say Yes to the Dress,2007,7+,56,0,0,1,0,1,2,19
1745,Red Rock,2015,7+,56,0,0,1,0,1,1,19
1746,Almost Royal,2014,7+,56,0,0,1,0,1,4,19
1747,Wu-Tang Clan: Of Mics and Men,2019,18+,56,0,0,1,0,1,1,19
1748,Daniel Tiger's Neighborhood,2012,all,56,0,0,1,0,1,3,19
1749,Criminal Minds: Suspect Behavior,2011,16+,56,0,0,1,0,1,1,19
1750,Whites,2010,18+,56,0,0,1,0,1,4,19
1751,The Slave Hunters,2010,,56,0,0,1,0,1,2,19
1752,The Devil's Whore,2008,,56,0,0,1,0,1,3,19
1753,How the States Got Their Shapes,2010,7+,56,0,0,1,0,1,4,19
1754,One Mississippi,2016,18+,56,0,0,1,0,1,4,19
1755,Rick Steves' Europe,2000,all,56,0,0,1,0,1,1,19
1756,Our Mutual Friend,1998,,56,0,0,1,0,1,1,19
1757,London Kills,2019,16+,55,0,0,1,0,1,3,19
1758,The Mandalorian,2019,16+,94,0,0,0,1,1,2,19
1759,WandaVision,2021,16+,89,0,0,0,1,1,2,19
1760,The Falcon and the Winter Soldier,2021,16+,86,0,0,0,1,1,3,19
1761,Star Wars: The Clone Wars,2008,7+,85,0,0,0,1,1,1,19
1762,Once Upon a Time,2011,7+,83,0,0,0,1,1,1,19
1763,Marvel's Agent Carter,2015,7+,82,0,0,0,1,1,1,19
1764,The Bad Batch,2021,7+,82,1,0,0,1,1,2,19
1765,Star Wars Rebels,2014,7+,79,0,0,0,1,1,2,19
1766,The Owl House,2020,7+,78,0,0,0,1,1,4,19
1767,The Muppet Show,1976,all,78,0,0,0,1,1,4,19
1768,The Mysterious Benedict Society,2021,7+,76,0,0,0,1,1,2,19
1769,Monsters at Work,2021,all,75,0,0,0,1,1,1,19
1770,One Strange Rock,2018,all,74,0,0,0,1,1,1,19
1771,High School Musical: The Musical: The Series,2019,7+,73,0,0,0,1,1,3,19
1772,Dinosaurs,1991,7+,73,0,0,0,1,1,2,19
1773,Boy Meets World,1993,all,72,0,0,0,1,1,4,19
1774,Big Shot,2021,7+,71,0,0,0,1,1,4,19
1775,Disney Gallery / Star Wars: The Mandalorian,2020,7+,71,0,0,0,1,1,1,19
1776,Phineas and Ferb,2007,all,71,0,0,0,1,1,1,19
1777,Bluey,2018,all,71,0,0,0,1,1,3,19
1778,Spider-Man,1994,all,70,0,0,0,1,1,3,19
1779,The Imagineering Story,2019,7+,69,0,0,0,1,1,2,19
1780,DuckTales,1987,7+,69,0,0,0,1,1,1,19
1781,Wizards of Waverly Place,2007,all,68,0,0,0,1,1,2,19
1782,Star Wars: Clone Wars,2003,7+,68,0,0,0,1,1,3,19
1783,Wolverine and the X-Men,2009,7+,68,0,0,0,1,1,1,19
1784,Marvel Studios: Assembled,2021,7+,66,0,0,0,1,1,3,19
1785,Kim Possible,2002,all,66,0,0,0,1,1,3,19
1786,Once Upon a Time in Wonderland,2013,7+,66,0,0,0,1,1,1,19
1787,Marvel Studios: Legends,2021,16+,66,0,0,0,1,1,4,19
1788,Girl Meets World,2014,all,65,0,0,0,1,1,4,19
1789,The Avengers: Earth's Mightiest Heroes,2010,7+,65,0,0,0,1,1,3,19
1790,The World According to Jeff Goldblum,2019,7+,65,0,0,0,1,1,1,19
1791,Marvel's Ultimate Spider-Man,2012,7+,65,0,0,0,1,1,2,19
1792,Amphibia,2019,7+,65,0,0,0,1,1,2,19
1793,Gargoyles,1994,7+,64,0,0,0,1,1,1,19
1794,The Suite Life of Zack & Cody,2005,all,64,0,0,0,1,1,1,19
1795,Darkwing Duck,1991,7+,64,0,0,0,1,1,3,19
1796,The Right Stuff,2020,16+,64,0,0,0,1,1,4,19
1797,The Muppets,2015,7+,64,1,0,0,1,1,3,19
1798,TRON: Uprising,2012,7+,64,0,0,0,1,1,2,19
1799,The Mighty Ducks: Game Changers,2021,7+,63,0,0,0,1,1,2,19
1800,Marvel's Avengers Assemble,2013,7+,63,0,0,0,1,1,4,19
1801,Recess,1997,7+,63,0,0,0,1,1,4,19
1802,Chip 'n' Dale Rescue Rangers,1989,all,63,0,0,0,1,1,3,19
1803,Doug,1991,7+,63,0,0,0,1,1,3,19
1804,I am Luna,2016,,62,0,0,0,1,1,4,19
1805,Lizzie McGuire,2001,all,62,0,0,0,1,1,2,19
1806,Cosmos: Possible Worlds,2020,7+,62,0,0,0,1,1,1,19
1807,The Suite Life on Deck,2008,all,62,0,0,0,1,1,3,19
1808,Hannah Montana,2006,all,61,0,0,0,1,1,4,19
1809,Jessie,2011,all,61,0,0,0,1,1,4,19
1810,Marvel's Inhumans,2017,7+,61,0,0,0,1,1,3,19
1811,Gordon Ramsay: Uncharted,2019,16+,61,0,0,0,1,1,4,19
1812,Disney's Adventures of the Gummi Bears,1985,all,61,0,0,0,1,1,1,19
1813,Star Wars Resistance,2018,7+,60,0,0,0,1,1,1,19
1814,That's So Raven,2003,all,60,0,0,0,1,1,3,19
1815,Turner & Hooch,2021,7+,60,0,0,0,1,1,1,19
1816,TaleSpin,1990,all,60,0,0,0,1,1,3,19
1817,Mickey Mouse Clubhouse,2006,all,60,0,0,0,1,1,2,19
1818,Even Stevens,2000,all,60,0,0,0,1,1,2,19
1819,Andi Mack,2017,all,60,0,0,0,1,1,1,19
1820,Behind the Attraction,2021,7+,59,0,0,0,1,1,2,19
1821,Secrets of Sulphur Springs,2021,7+,59,0,0,0,1,1,3,19
1822,Liv and Maddie,2013,all,59,0,0,0,1,1,4,19
1823,Milo Murphy's Law,2016,all,59,0,0,0,1,1,2,19
1824,Lab Rats,2012,7+,59,0,0,0,1,1,2,19
1825,Lilo & Stitch: The Series,2003,all,59,0,0,0,1,1,2,19
1826,So Weird,1999,7+,59,0,0,0,1,1,2,19
1827,Austin & Ally,2011,all,59,0,0,0,1,1,2,19
1828,The New Adventures of Winnie the Pooh,1988,all,59,0,0,0,1,1,1,19
1829,Raven's Home,2017,all,59,0,0,0,1,1,2,19
1830,Kickin' It,2011,all,58,0,0,0,1,1,4,19
1831,Brain Games,2011,7+,58,0,0,0,1,1,3,19
1832,Schoolhouse Rock,1973,7+,58,0,0,0,1,1,3,19
1833,Dog Whisperer,2004,all,58,0,0,0,1,1,1,19
1834,The Proud Family,2001,all,58,0,0,0,1,1,2,19
1835,Sonny with a Chance,2009,all,58,0,0,0,1,1,4,19
1836,Violetta,2012,all,58,0,0,0,1,1,2,19
1837,The Lion King's Timon & Pumbaa,1995,all,58,0,0,0,1,1,2,19
1838,Phil of the Future,2004,7+,57,0,0,0,1,1,2,19
1839,Little Einsteins,2005,all,57,0,0,0,1,1,2,19
1840,Shake It Up,2010,all,57,0,0,0,1,1,1,19
1841,Hercules,1998,all,57,0,0,0,1,1,1,19
1842,Rapunzel's Tangled Adventure,2017,all,56,0,0,0,1,1,3,19
1843,Marvel's Guardians of the Galaxy,2015,7+,56,0,0,0,1,1,1,19
1844,Smart Guy,1997,all,56,0,0,0,1,1,2,19
1845,American Dragon: Jake Long,2005,all,56,0,0,0,1,1,4,19
1846,Encore!,2019,7+,56,0,0,0,1,1,4,19
1847,Mickey Mouse,2013,all,56,0,0,0,1,1,1,19
1848,Marvel's Spider-Man,2017,7+,56,0,0,0,1,1,3,19
1849,Diary of a Future President,2020,7+,56,0,0,0,1,1,3,19
1850,Spider-Man and His Amazing Friends,1981,7+,56,0,0,0,1,1,2,19
1851,Goof Troop,1992,all,55,0,0,0,1,1,4,19
1852,Spider-Man Unlimited,1999,7+,55,0,0,0,1,1,4,19
1853,The Little Mermaid,1992,all,55,0,0,0,1,1,2,19
1854,Big City Greens,2018,7+,55,0,0,0,1,1,4,19
1855,Zenimation,2020,all,55,0,0,0,1,1,2,19
1856,Wicked Tuna,2012,16+,55,0,0,0,1,1,2,19
1857,Big Hero 6 The Series,2017,7+,54,0,0,0,1,1,4,19
1858,Inside Pixar,2020,all,54,0,0,0,1,1,1,19
1859,Iron Man: Armored Adventures,2009,7+,54,0,0,0,1,1,2,19
1860,Pair of Kings,2010,7+,54,0,0,0,1,1,3,19
1861,Mighty Med,2013,7+,54,0,0,0,1,1,4,19
1862,Special Agent Oso,2009,all,54,0,0,0,1,1,1,19
1863,Imagination Movers,2008,all,54,0,0,0,1,1,1,19
1864,Secrets of the Whales,2021,7+,54,0,0,0,1,1,1,19
1865,Stuck in the Middle,2016,all,53,0,0,0,1,1,1,19
1866,Jonas,2009,,53,0,0,0,1,1,2,19
1867,MECH-X4,2016,all,53,0,0,0,1,1,2,19
1868,The Wonderful World of Mickey Mouse,2020,all,53,0,0,0,1,1,3,19
1869,The Emperor's New School,2006,all,53,0,0,0,1,1,3,19
1870,Hostile Planet,2019,7+,53,0,0,0,1,1,3,19
1871,Puppy Dog Pals,2017,all,53,0,0,0,1,1,4,19
1872,Fantastic Four,1994,7+,52,0,0,0,1,1,4,19
1873,I Didn't Do It,2014,all,52,0,0,0,1,1,2,19
1874,The Lion Guard,2016,all,52,0,0,0,1,1,2,19
1875,Pixar Popcorn,2021,7+,52,0,0,0,1,1,2,19
1876,Lab Rats: Elite Force,2016,7+,52,0,0,0,1,1,2,19
1877,A.N.T. Farm,2011,all,52,0,0,0,1,1,1,19
1878,Silver Surfer,1998,7+,52,0,0,0,1,1,2,19
1879,Muppets Now,2020,7+,52,0,0,0,1,1,2,19
1880,Car S.O.S.,2013,,52,0,0,0,1,1,3,19
1881,Sydney to the Max,2019,all,52,0,0,0,1,1,3,19
1882,Vampirina,2017,all,52,0,0,0,1,1,2,19
1883,Earth to Ned,2020,7+,51,0,0,0,1,1,4,19
1884,Best Friends Whenever,2015,all,51,0,0,0,1,1,1,19
1885,Into the Unknown: Making Frozen II,2020,7+,51,0,0,0,1,1,4,19
1886,Elena of Avalor,2016,all,51,0,0,0,1,1,2,19
1887,Prop Culture,2020,7+,51,0,0,0,1,1,1,19
1888,Fantastic Four: World's Greatest Heroes,2006,7+,51,0,0,0,1,1,1,19
1889,Jake and the Never Land Pirates,2011,all,51,0,0,0,1,1,2,19
1890,Fish Hooks,2010,all,51,0,0,0,1,1,4,19
1891,Drain the Oceans,2018,7+,51,0,0,0,1,1,2,19
1892,The Replacements,2006,7+,51,0,0,0,1,1,4,19
1893,Port Protection Alaska,2015,16+,51,0,0,0,1,1,4,19
1894,"Dr. Oakley, Yukon Vet",2014,all,51,0,0,0,1,1,2,19
1895,Ice Road Rescue,2015,,50,0,0,0,1,1,3,19
1896,Marvel�s Hulk and the Agents of S.M.A.S.H,2013,7+,50,0,0,0,1,1,4,19
1897,Super Robot Monkey Team Hyperforce Go!,2004,7+,50,0,0,0,1,1,3,19
1898,Quack Pack,1996,7+,50,0,0,0,1,1,4,19
1899,Descendants: Wicked World,2015,all,50,0,0,0,1,1,4,19
1900,Muppet Babies,2018,all,50,0,0,0,1,1,1,19
1901,T.O.T.S.,2019,all,50,0,0,0,1,1,1,19
1902,One Day at Disney,2019,all,50,0,0,0,1,1,4,19
1903,Pixar in Real Life,2019,all,50,0,0,0,1,1,1,19
1904,Mighty Ducks: The Animated Series,1996,7+,50,0,0,0,1,1,2,19
1905,Star Wars: Ewoks,1985,all,49,0,0,0,1,1,3,19
1906,101 Dalmatians: The Series,1997,all,49,0,0,0,1,1,2,19
1907,"Heartland Docs, DVM",2020,,49,0,0,0,1,1,4,19
1908,BIA,2019,all,49,0,0,0,1,1,3,19
1909,Marvel's Hero Project,2019,7+,49,0,0,0,1,1,4,19
1910,Iron Man,1994,7+,49,0,0,0,1,1,3,19
1911,Coop & Cami Ask The World,2018,all,49,0,0,0,1,1,4,19
1912,Marvel Rising: Initiation,2018,,49,0,0,0,1,1,4,19
1913,My Friends Tigger & Pooh,2007,all,48,0,0,0,1,1,1,19
1914,Secrets of the Zoo,2018,,48,0,0,0,1,1,2,19
1915,Bizaardvark,2016,all,48,0,0,0,1,1,3,19
1917,The Mickey Mouse Club,1955,all,48,0,0,0,1,1,2,19
1918,Marvel's 616,2020,,48,0,0,0,1,1,2,19
1919,Turning the Tables with Robin Roberts,2021,,48,0,0,0,1,1,1,19
1920,On Pointe,2020,7+,48,0,0,0,1,1,1,19
1921,Race to the Center of the Earth,2021,,48,0,0,0,1,1,1,19
1922,Out of the Box,1998,all,48,0,0,0,1,1,1,19
1923,Gabby Duran and the Unsittables,2019,all,48,0,0,0,1,1,1,19
1924,Dr. Ks Exotic Animal ER,2014,7+,48,0,0,0,1,1,3,19
1926,Spin and Marty,1955,all,47,0,0,0,1,1,1,19
1927,Higglytown Heroes,2004,all,47,0,0,0,1,1,4,19
1928,Bonkers,1993,all,47,0,0,0,1,1,4,19
1929,Crash & Bernstein,2012,all,47,0,0,0,1,1,2,19
1930,Lego Star Wars: The Freemaker Adventures,2016,,47,0,0,0,1,1,1,19
1931,Star Wars Vehicle Flythroughs,2021,,47,0,0,0,1,1,1,19
1932,Randy Cunningham: Ninja Total,2012,all,47,0,0,0,1,1,4,19
1933,Pick of the Litter,2019,7+,47,1,1,0,1,1,2,19
1934,Lost Cities with Albert Lin,2019,,47,0,0,0,1,1,1,19
1935,Earth Moods,2021,,47,0,0,0,1,1,1,19
1936,Mickey and the Roadster Racers,2017,all,47,0,0,0,1,1,1,19
1937,Star Wars: Forces of Destiny,2017,all,47,0,0,0,1,1,4,19
1938,Magic of Disney's Animal Kingdom,2020,7+,47,0,0,0,1,1,4,19
1939,Goldie & Bear,2015,all,47,0,0,0,1,1,1,19
1940,Evermoor,2014,,46,0,0,0,1,1,4,19
1941,Europe From Above,2019,,46,0,0,0,1,1,3,19
1942,Dog: Impossible,2019,,46,0,0,0,1,1,2,19
1943,Marvel's Ant-Man,2017,,46,0,0,0,1,1,2,19
1944,Adventures in Wonderland,1992,7+,46,0,0,0,1,1,2,19
1945,The Super Hero Squad Show,2009,7+,46,0,0,0,1,1,4,19
1946,Critter Fixers: Country Vets,2020,16+,46,0,0,0,1,1,2,19
1947,Great Migrations,2010,all,46,0,0,0,1,1,2,19
1948,Origins: The Journey of Humankind,2017,,46,0,0,0,1,1,2,19
1949,The Lodge,2016,,46,0,1,0,1,1,3,19
1950,LEGO Star Wars: Droid Tales,2015,7+,46,0,0,0,1,1,1,19
1951,Minnie's Bow-Toons,2011,all,45,0,0,0,1,1,3,19
1952,Chip 'n' Dale: Park Life,2021,all,45,0,0,0,1,1,4,19
1953,The Book of Pooh,2001,all,45,0,0,0,1,1,1,19
1954,Shark Attack Files,2021,16+,45,0,0,0,1,1,1,19
1955,The Avengers: United They Stand,1999,7+,45,0,0,0,1,1,3,19
1956,Walt Disney Animation Studios: Short Circuit Experimental Films,2020,all,45,0,0,0,1,1,3,19
1957,"Mira, Royal Detective",2020,all,45,0,0,0,1,1,4,19
1958,Legend of the Three Caballeros,2018,all,45,0,0,0,1,1,2,19
1959,The Greeks,2016,,44,0,0,0,1,1,2,19
1960,Marvel's Future Avengers,2017,7+,44,0,0,0,1,1,3,19
1962,Just Roll With It,2019,7+,44,0,0,0,1,1,4,19
1963,101 Dalmatian Street,2019,7+,44,0,0,0,1,1,2,19
1964,Spider-Woman,1979,all,44,0,0,0,1,1,2,19
1965,Primal Survivor,2016,,44,0,0,0,1,1,4,19
1966,Secrets of the Zoo: Tampa,2020,,43,0,0,0,1,1,1,19
1967,Disney's Doug,1996,,43,0,0,0,1,1,3,19
1968,Year Million,2017,16+,43,0,0,0,1,1,2,19
1970,Rogue Trip,2020,7+,43,0,0,0,1,1,1,19
1971,Fancy Nancy,2018,all,43,0,0,0,1,1,3,19
1972,America's National Parks,2015,all,43,0,0,0,1,1,3,19
1973,Wild Hawaii,2014,,43,0,0,0,1,1,4,19
1974,Lego Frozen Northern Lights,2016,all,42,0,0,0,1,1,3,19
1975,Dino Ranch,2021,all,42,0,0,0,1,1,4,19
1976,Disney's Fairy Tale Weddings,2017,7+,42,0,0,0,1,1,1,19
1977,Kingdom of the Polar Bears,2021,,42,0,0,0,1,1,1,19
1978,Teacher's Pet,2000,all,42,0,0,0,1,1,3,19
1979,Henry Hugglemonster,2013,all,42,0,0,0,1,1,4,19
1981,Shop Class,2020,all,42,0,0,0,1,1,1,19
1983,Alaska Animal Rescue,2020,,42,0,0,0,1,1,4,19
1984,The Rocketeer,2019,all,42,0,0,0,1,1,3,19
1985,Fast Layne,2019,all,41,0,0,0,1,1,3,19
1986,Weird But True!,2016,all,41,0,0,0,1,1,1,19
1987,Continent 7: Antarctica,2016,7+,41,0,0,0,1,1,2,19
1988,Marvel's Rocket & Groot,2017,7+,41,0,0,0,1,1,3,19
1990,Take Two with Phineas and Ferb,2010,7+,41,0,0,0,1,1,2,19
1991,Be our Chef,2020,all,40,0,0,0,1,1,1,19
1993,Japan: Between Earth & Sky,2018,,40,0,0,0,1,1,1,19
1996,India from Above,2020,,40,0,0,0,1,1,4,19
1997,Prairie Dog Manor,2019,,39,0,0,0,1,1,3,19
1998,Marvel Super Hero Adventures,2017,all,39,0,0,0,1,1,1,19
1999,Wild Yellowstone,2015,,39,0,0,0,1,1,2,19
2000,Tut's Treasures: Hidden Secrets,2018,,39,0,0,0,1,1,3,19
2001,Secrets of the Zoo: Down Under,2020,,39,0,0,0,1,1,2,19
2002,Disney Channel Games 2008,2008,,39,0,0,0,1,1,4,19
2004,UFOs: The Untold Stories,2012,,39,0,0,0,1,1,1,19
2005,Animal ER,2016,16+,39,0,0,0,1,1,4,19
2006,Fury Files,2017,,38,0,0,0,1,1,1,19
2007,Disney Parks Sunrise,2020,,38,0,0,0,1,1,1,19
2008,Marvel Funko Shorts,2016,all,38,0,0,0,1,1,2,19
2010,Marvel Video Comics,2016,all,38,0,0,0,1,1,2,19
2012,Secrets of Wild India,2012,,38,0,0,0,1,1,4,19
2013,Buried Secrets of the Bible with Albert Lin,2019,,38,0,0,0,1,1,1,19
2014,Supercar Megabuild,2016,,38,0,0,0,1,1,3,19
2015,Kirby Buckets,2014,7+,38,0,0,0,1,1,1,19
2017,Becoming,2020,16+,38,1,0,0,1,1,2,19
2019,Kingdom of the White Wolf,2019,,37,0,0,0,1,1,4,19
2020,Mickey Mouse Funhouse,2021,all,37,0,0,0,1,1,2,19
2021,Disney Junior Music Lullabies,2019,,37,0,0,0,1,1,4,19
